Square_Feet,Bedrooms,Bathrooms,Floors,Year_Built,Location_Rural,Location_Suburbs,Location_Urban,Condition_Fair,Condition_Good,Condition_Poor,Price
0.48924007776942585,-1.1170455606083456,-0.7931603490261302,0.6455446408294312,-0.9884552232353685,False,False,False,False,True,False,497600.0
-0.16334722702431725,-1.1170455606083456,-0.7931603490261302,-0.8988205286189691,0.4680573692304746,False,False,True,False,True,False,373700.0
0.6433945592167667,-0.09598014871771877,0.26863396024579794,-0.8988205286189691,1.0318686953462848,True,False,False,False,True,False,334300.0
1.5426290343262552,0.9250852631729081,1.330428269517726,0.6455446408294312,-0.2836910655906057,True,False,False,False,True,False,383300.0
-0.26269122617927027,-2.138110972498972,-1.8549546582980583,-0.8988205286189691,-1.5522665493511787,False,True,False,False,True,False,261800.0
-0.26269122617927027,1.946150675063535,1.330428269517726,2.1899098102778316,-0.0017854025327005785,False,True,False,False,False,False,494400.0
1.6008651717619173,-1.1170455606083456,-0.7931603490261302,0.6455446408294312,-0.9414709460590509,False,True,False,True,False,False,370900.0
0.7667181443746395,-0.09598014871771877,0.26863396024579794,-0.8988205286189691,0.09218315181993446,False,False,True,False,False,True,357200.0
-0.5041999137801043,0.9250852631729081,0.26863396024579794,-0.8988205286189691,0.5150416464067922,False,False,False,False,False,False,623600.0
0.5354864222036281,0.9250852631729081,1.330428269517726,-0.8988205286189691,0.4210730920541571,True,False,False,True,False,False,285100.0
-0.49906143106519296,0.9250852631729081,1.330428269517726,-0.8988205286189691,0.5150416464067922,False,True,False,False,False,False,471100.0
-0.5007742586368301,0.9250852631729081,1.330428269517726,-0.8988205286189691,0.09218315181993446,True,False,False,False,True,False,282900.0
0.22717745930894634,-0.09598014871771877,0.26863396024579794,-0.8988205286189691,-1.5522665493511787,False,False,True,False,True,False,429900.0
-1.9875085908178511,0.9250852631729081,1.330428269517726,-0.8988205286189691,-0.33067534276692323,False,False,True,True,False,False,268100.0
-1.7939590752228565,-1.1170455606083456,-0.7931603490261302,0.6455446408294312,-0.33067534276692323,False,True,False,True,False,False,205000.0
-0.6001182577917831,0.9250852631729081,0.26863396024579794,0.6455446408294312,-0.7065495601774634,False,False,False,False,True,False,484600.0
-1.0625817021338058,-0.09598014871771877,0.26863396024579794,0.6455446408294312,1.3607586355805075,False,True,False,False,False,False,439200.0
0.30082904488934253,0.9250852631729081,0.26863396024579794,-0.8988205286189691,-1.1763923319406386,False,True,False,False,False,False,500200.0
-0.9546735651206671,-0.09598014871771877,-0.7931603490261302,-0.8988205286189691,-0.0487696797090181,False,False,False,True,False,False,316300.0
-1.4736603193267148,-0.09598014871771877,0.26863396024579794,0.6455446408294312,-0.8944866688827334,False,True,False,True,False,False,220700.0
1.484392896890593,-0.09598014871771877,0.26863396024579794,-0.8988205286189691,0.7499630322883797,False,True,False,True,False,False,455100.0
-0.25412708832108466,0.9250852631729081,1.330428269517726,-0.8988205286189691,1.595680021462095,False,True,False,False,False,False,509900.0
0.04733056428704863,-1.1170455606083456,-0.7931603490261302,0.6455446408294312,-1.6932193808801312,False,True,False,False,True,False,343100.0
-1.4856501123281747,-1.1170455606083456,-0.7931603490261302,0.6455446408294312,0.9848844181699673,False,False,False,False,False,True,266300.0
-0.5812771545037748,-1.1170455606083456,-1.8549546582980583,0.6455446408294312,-1.4582979949985437,True,False,False,True,False,False,163700.0
0.09186408114961378,-1.1170455606083456,-1.8549546582980583,-0.8988205286189691,1.5486957442857776,False,False,False,False,True,False,481400.0
-1.204746390579687,0.9250852631729081,1.330428269517726,0.6455446408294312,0.32710453770152204,False,True,False,False,False,False,446400.0
0.364203665039916,-1.1170455606083456,-0.7931603490261302,0.6455446408294312,1.6426642986384126,False,True,False,False,True,False,405600.0
-0.6395132919394368,1.946150675063535,1.330428269517726,0.6455446408294312,-0.6125810058248283,False,False,True,True,False,False,354000.0
-0.3226401911865695,-0.09598014871771877,-0.7931603490261302,0.6455446408294312,-0.847502391706416,False,False,False,False,True,False,490500.0
-0.641226119511074,-1.1170455606083456,-1.8549546582980583,0.6455446408294312,-0.8944866688827334,False,True,False,False,True,False,296300.0
1.8817688935104053,0.9250852631729081,1.330428269517726,0.6455446408294312,-0.33067534276692323,False,True,False,False,False,True,389100.0
-0.0365979867231703,-0.09598014871771877,0.26863396024579794,-0.8988205286189691,0.23313598334888702,False,False,False,True,False,False,443500.0
-1.108828046568008,-0.09598014871771877,0.26863396024579794,0.6455446408294312,-0.18972251123797065,False,True,False,False,True,False,310400.0
0.8232414542386645,-0.09598014871771877,0.26863396024579794,0.6455446408294312,1.7366328529910475,True,False,False,True,False,False,258600.0
-1.2766851485884458,0.9250852631729081,1.330428269517726,0.6455446408294312,-1.1763923319406386,True,False,False,True,False,False,192200.0
0.19292090787620392,-1.1170455606083456,-0.7931603490261302,-0.8988205286189691,-0.4716281742958758,False,False,False,False,True,False,476200.0
-2.0354677628236906,1.946150675063535,1.330428269517726,-0.8988205286189691,0.09218315181993446,False,False,False,False,True,False,383200.0
-1.3863061131732217,1.946150675063535,1.330428269517726,0.6455446408294312,-1.3173451634695912,False,True,False,False,True,False,284000.0
0.18093111487474406,-0.09598014871771877,0.26863396024579794,0.6455446408294312,-0.7535338373537809,False,True,False,False,True,False,392400.0
0.7376000756568084,-1.1170455606083456,-0.7931603490261302,2.1899098102778316,-0.3776596199432407,False,False,False,False,True,False,523900.0
0.15352587372855014,-0.09598014871771877,0.26863396024579794,0.6455446408294312,-0.18972251123797065,False,False,False,False,True,False,519500.0
-0.1410804685930347,-1.1170455606083456,-0.7931603490261302,0.6455446408294312,1.1728215268752373,True,False,False,False,False,True,172700.0
-0.3312043290447551,-2.138110972498972,-1.8549546582980583,0.6455446408294312,-1.035439500411686,True,False,False,False,False,False,236500.0
-1.5421734221921997,-0.09598014871771877,-0.7931603490261302,0.6455446408294312,-1.6462351037038137,False,False,False,True,False,False,304500.0
-0.7611240495256725,-0.09598014871771877,0.26863396024579794,0.6455446408294312,0.7029787551120622,False,True,False,False,True,False,355800.0
-0.4956357759219187,0.9250852631729081,1.330428269517726,0.6455446408294312,0.32710453770152204,False,True,False,False,True,False,359100.0
1.0647501418394985,0.9250852631729081,1.330428269517726,-0.8988205286189691,0.7969473094646973,False,False,False,False,True,False,666300.0
0.3316599411788107,0.9250852631729081,0.26863396024579794,-0.8988205286189691,-0.8944866688827334,False,True,False,False,False,False,483300.0
-1.8333541093705101,-0.09598014871771877,0.26863396024579794,0.6455446408294312,-1.5992508265274963,False,True,False,False,True,False,221600.0
0.31110601031916524,-0.09598014871771877,0.26863396024579794,-0.8988205286189691,-1.4113137178222261,True,False,False,False,False,False,343600.0
-0.41855853519824826,-0.09598014871771877,0.26863396024579794,-0.8988205286189691,0.28012026052520456,False,False,True,False,False,False,503100.0
-0.7183033602347445,1.946150675063535,1.330428269517726,-0.8988205286189691,0.04519887464361694,False,True,False,False,False,False,418700.0
0.6074251802123872,-2.138110972498972,-1.8549546582980583,-0.8988205286189691,-0.0017854025327005785,False,False,True,False,False,False,514400.0
1.0373449006933047,0.9250852631729081,1.330428269517726,-0.8988205286189691,0.9848844181699673,False,True,False,False,False,False,676600.0
0.9345752463950773,-0.09598014871771877,-0.7931603490261302,-0.8988205286189691,-0.18972251123797065,False,True,False,False,True,False,433400.0
-0.8844476346835451,-0.09598014871771877,0.26863396024579794,2.1899098102778316,1.0318686953462848,False,True,False,False,True,False,350000.0
-0.3397684669029407,0.9250852631729081,0.26863396024579794,0.6455446408294312,-1.223376609116956,False,False,False,True,False,False,378700.0
0.31795732060571374,-0.09598014871771877,-0.7931603490261302,-0.8988205286189691,1.4547271899331424,False,False,False,False,True,False,548700.0
0.9808215908292796,0.9250852631729081,1.330428269517726,-0.8988205286189691,1.4547271899331424,False,True,False,False,False,False,685600.0
-0.514476879209927,1.946150675063535,1.330428269517726,0.6455446408294312,-0.7065495601774634,True,False,False,False,True,False,296100.0
-0.21301922660179376,-0.09598014871771877,0.26863396024579794,-0.8988205286189691,1.3607586355805075,False,False,False,False,False,False,598900.0
-1.1585000461454846,-0.09598014871771877,0.26863396024579794,0.6455446408294312,0.32710453770152204,False,True,False,False,False,False,380700.0
-1.2509927350138892,-0.09598014871771877,0.26863396024579794,0.6455446408294312,-1.4582979949985437,False,True,False,True,False,False,227200.0
0.8129644888088418,1.946150675063535,1.330428269517726,0.6455446408294312,0.23313598334888702,False,False,True,True,False,False,456400.0
1.371346277162543,-1.1170455606083456,-0.7931603490261302,-0.8988205286189691,-0.5655967286485108,False,False,False,False,True,False,595000.0
-0.09654695173046954,-0.09598014871771877,0.26863396024579794,0.6455446408294312,0.9379001409936498,True,False,False,True,False,False,229500.0
1.0099396595471106,-0.09598014871771877,0.26863396024579794,-0.8988205286189691,0.8439315866410148,True,False,False,False,True,False,374600.0
0.3487882168951819,0.9250852631729081,1.330428269517726,2.1899098102778316,-0.9884552232353685,False,True,False,False,False,False,506000.0
-0.6857596363736391,-1.1170455606083456,-0.7931603490261302,0.6455446408294312,-1.0824237775880035,False,False,True,False,True,False,306300.0
0.3487882168951819,0.9250852631729081,1.330428269517726,-0.8988205286189691,0.09218315181993446,False,False,False,False,True,False,562900.0
1.5580444824709894,1.946150675063535,1.330428269517726,-0.8988205286189691,-0.42464389711955824,False,True,False,False,False,True,389700.0
-0.05886474515445287,-1.1170455606083456,-0.7931603490261302,-0.8988205286189691,0.6559944779357447,False,False,True,False,True,False,435000.0
1.5854497236171834,-1.1170455606083456,-1.8549546582980583,0.6455446408294312,0.5620259235831097,False,False,False,False,True,False,596900.0
-2.4191411388704056,1.946150675063535,1.330428269517726,-0.8988205286189691,-1.3173451634695912,False,True,False,False,True,False,223500.0
0.8232414542386645,-1.1170455606083456,-1.8549546582980583,0.6455446408294312,0.9848844181699673,False,True,False,True,False,False,358800.0
0.06788449514669408,0.9250852631729081,1.330428269517726,-0.8988205286189691,0.37408881487783957,False,True,False,False,True,False,447300.0
-0.329491501473118,-0.09598014871771877,0.26863396024579794,0.6455446408294312,-0.7065495601774634,True,False,False,False,True,False,282900.0
0.07302297786160544,-1.1170455606083456,-0.7931603490261302,0.6455446408294312,-0.23670678841428816,False,False,False,False,False,False,587000.0
-2.0645858315415215,0.9250852631729081,1.330428269517726,0.6455446408294312,1.50171146710946,False,False,True,True,False,False,264000.0
-0.24727577803453618,-0.09598014871771877,0.26863396024579794,0.6455446408294312,1.50171146710946,False,True,False,False,False,True,280200.0
0.34536256175190766,-0.09598014871771877,-0.7931603490261302,-0.8988205286189691,0.23313598334888702,False,False,True,False,False,True,322900.0
1.496382689892053,-0.09598014871771877,0.26863396024579794,-0.8988205286189691,0.7499630322883797,False,True,False,False,True,False,535900.0
-0.5538719133575808,-0.09598014871771877,-0.7931603490261302,0.6455446408294312,1.0318686953462848,False,True,False,False,True,False,399200.0
-0.853616738394077,-1.1170455606083456,-1.8549546582980583,-0.8988205286189691,1.7366328529910475,True,False,False,False,True,False,220300.0
-0.5384564652128467,-0.09598014871771877,-0.7931603490261302,-0.8988205286189691,0.09218315181993446,False,True,False,False,True,False,331600.0
0.9191597982503432,1.946150675063535,1.330428269517726,-0.8988205286189691,-1.035439500411686,False,True,False,False,True,False,489800.0
0.31624449303407665,-0.09598014871771877,0.26863396024579794,-0.8988205286189691,1.595680021462095,False,True,False,False,True,False,501400.0
-0.5658617063590407,-0.09598014871771877,0.26863396024579794,-0.8988205286189691,-0.3776596199432407,False,False,True,False,True,False,363300.0
0.50465552591416,-0.09598014871771877,0.26863396024579794,0.6455446408294312,-1.5992508265274963,False,True,False,False,False,True,276600.0
0.07816146057651681,0.9250852631729081,1.330428269517726,-0.8988205286189691,-1.2703608862932736,True,False,False,False,True,False,308700.0
0.973970280542731,-1.1170455606083456,-0.7931603490261302,0.6455446408294312,-0.3776596199432407,False,True,False,False,True,False,445900.0
-0.7439957738093013,1.946150675063535,1.330428269517726,-0.8988205286189691,-0.09575395688533561,False,True,False,False,False,False,456600.0
-0.358609570190949,-0.09598014871771877,0.26863396024579794,0.6455446408294312,-1.4582979949985437,False,False,True,False,True,False,374800.0
-0.42540984548479677,-1.1170455606083456,-0.7931603490261302,-0.8988205286189691,-1.1763923319406386,False,False,True,True,False,False,274200.0
-1.5267579740474655,-1.1170455606083456,-0.7931603490261302,0.6455446408294312,0.04519887464361694,True,False,False,True,False,False,144800.0
0.2819879416013342,-1.1170455606083456,-0.7931603490261302,0.6455446408294312,-0.847502391706416,True,False,False,False,False,False,343000.0
0.24601856259695468,-0.09598014871771877,0.26863396024579794,-0.8988205286189691,1.407742912756825,False,True,False,True,False,False,388000.0
-0.016044055863524847,-0.09598014871771877,-0.7931603490261302,2.1899098102778316,-1.3643294406459086,False,False,False,True,False,False,354800.0
-0.26269122617927027,0.9250852631729081,1.330428269517726,2.1899098102778316,-1.3643294406459086,False,False,False,True,False,False,425600.0
-1.4770859744699891,-0.09598014871771877,0.26863396024579794,0.6455446408294312,0.4680573692304746,False,False,True,False,True,False,326600.0
-0.45452791420262784,-1.1170455606083456,-0.7931603490261302,0.6455446408294312,-1.5522665493511787,True,False,False,True,False,False,181700.0
-0.37402501833568313,-0.09598014871771877,0.26863396024579794,-0.8988205286189691,0.6559944779357447,False,False,False,False,True,False,491200.0
-0.8467654281075285,0.9250852631729081,1.330428269517726,0.6455446408294312,1.407742912756825,False,False,False,False,True,False,509300.0
-0.18732681302723694,-1.1170455606083456,-0.7931603490261302,-0.8988205286189691,0.37408881487783957,False,False,False,False,False,False,539900.0
0.3933217337577471,-1.1170455606083456,-0.7931603490261302,-0.8988205286189691,-1.3643294406459086,False,False,True,False,False,True,319400.0
1.9160254449431477,-2.138110972498972,-1.8549546582980583,2.1899098102778316,-0.9884552232353685,False,True,False,False,True,False,474500.0
0.15695152887182437,0.9250852631729081,1.330428269517726,-0.8988205286189691,1.407742912756825,False,True,False,False,True,False,501000.0
0.24259290745368042,-0.09598014871771877,0.26863396024579794,0.6455446408294312,-1.3173451634695912,False,True,False,False,True,False,407500.0
-0.09825977930210665,-0.09598014871771877,0.26863396024579794,0.6455446408294312,1.0788529725226024,False,False,True,False,True,False,454800.0
-1.9943599011043995,0.9250852631729081,1.330428269517726,0.6455446408294312,1.595680021462095,False,False,True,False,False,False,359300.0
-0.048587779724630145,0.9250852631729081,1.330428269517726,2.1899098102778316,-1.035439500411686,False,True,False,True,False,False,365300.0
0.04047925400050015,-0.09598014871771877,-0.7931603490261302,-0.8988205286189691,1.595680021462095,False,False,False,False,False,False,696200.0
2.5086637847295914,0.9250852631729081,1.330428269517726,-0.8988205286189691,0.1861517061725695,False,True,False,False,True,False,673400.0
-0.21987053688834224,-1.1170455606083456,-0.7931603490261302,-0.8988205286189691,-0.7065495601774634,False,False,True,True,False,False,339000.0
0.2871264243162456,-1.1170455606083456,-0.7931603490261302,-0.8988205286189691,-0.6125810058248283,True,False,False,False,False,False,339200.0
-0.05715191758281575,-0.09598014871771877,0.26863396024579794,-0.8988205286189691,0.32710453770152204,False,False,False,False,True,False,518900.0
-1.2235874938676952,-1.1170455606083456,-0.7931603490261302,-0.8988205286189691,-1.6932193808801312,False,False,False,True,False,False,261800.0
1.1521043479929918,-0.09598014871771877,0.26863396024579794,0.6455446408294312,-1.2703608862932736,False,False,False,False,False,True,404300.0
0.7513026962299054,1.946150675063535,1.330428269517726,0.6455446408294312,1.6426642986384126,False,True,False,True,False,False,449700.0
0.7906977303775592,-2.138110972498972,-1.8549546582980583,-0.8988205286189691,0.8909158638173322,False,False,True,False,True,False,449700.0
-0.9563863926923043,-1.1170455606083456,-0.7931603490261302,0.6455446408294312,0.6090102007594271,False,False,False,True,False,False,320500.0
1.4193054491683825,-0.09598014871771877,0.26863396024579794,-0.8988205286189691,-1.1763923319406386,False,True,False,True,False,False,441800.0
-1.4633833538968921,1.946150675063535,1.330428269517726,-0.8988205286189691,1.0788529725226024,False,True,False,False,False,True,264700.0
0.5817327666378304,-0.09598014871771877,0.26863396024579794,0.6455446408294312,-0.5186124514721933,False,False,False,False,True,False,527900.0
2.229472890552741,-0.09598014871771877,0.26863396024579794,0.6455446408294312,0.1861517061725695,False,True,False,False,False,False,677200.0
-1.0403149437025232,-2.138110972498972,-1.8549546582980583,0.6455446408294312,-0.0487696797090181,False,True,False,False,True,False,276600.0
-0.6035439129350574,-1.1170455606083456,-0.7931603490261302,-0.8988205286189691,-0.6595652830011458,False,True,False,True,False,False,248500.0
0.07987428814815394,1.946150675063535,1.330428269517726,0.6455446408294312,0.28012026052520456,False,False,True,False,False,False,609100.0
-0.5401692927844839,1.946150675063535,1.330428269517726,0.6455446408294312,-1.4582979949985437,False,True,False,False,True,False,376500.0
-1.615825007772596,-2.138110972498972,-1.8549546582980583,0.6455446408294312,1.50171146710946,False,False,False,False,False,False,366500.0
0.04904339185868575,1.946150675063535,1.330428269517726,0.6455446408294312,0.28012026052520456,True,False,False,False,True,False,366900.0
-1.1139665292829195,-0.09598014871771877,0.26863396024579794,0.6455446408294312,-0.5655967286485108,False,True,False,False,True,False,281700.0
0.46526049176650613,0.9250852631729081,0.26863396024579794,0.6455446408294312,-0.8944866688827334,False,False,True,False,True,False,449300.0
-0.966663358122127,-0.09598014871771877,0.26863396024579794,0.6455446408294312,1.1728215268752373,False,False,False,True,False,False,402500.0
1.5700342754724492,-0.09598014871771877,-0.7931603490261302,2.1899098102778316,-1.129408054764321,False,False,False,False,True,False,638300.0
-0.8262114972478831,-0.09598014871771877,-0.7931603490261302,0.6455446408294312,0.28012026052520456,False,False,False,False,False,False,497300.0
-0.35347108747603767,-0.09598014871771877,0.26863396024579794,-0.8988205286189691,-0.42464389711955824,False,False,False,False,False,False,557400.0
0.8146773163804788,-1.1170455606083456,-1.8549546582980583,0.6455446408294312,-0.8944866688827334,False,True,False,False,False,False,475700.0
-1.2869621140182685,-2.138110972498972,-1.8549546582980583,-0.8988205286189691,1.0318686953462848,True,False,False,False,True,False,193200.0
0.21176201116421225,-0.09598014871771877,0.26863396024579794,-0.8988205286189691,1.0788529725226024,False,True,False,True,False,False,364800.0
1.3216742775850667,0.9250852631729081,1.330428269517726,0.6455446408294312,1.219805804051555,False,True,False,False,False,True,396700.0
-1.6740611452082579,-1.1170455606083456,-0.7931603490261302,2.1899098102778316,0.9379001409936498,False,True,False,False,True,False,267900.0
0.1672284943016471,-0.09598014871771877,0.26863396024579794,2.1899098102778316,0.6559944779357447,False,False,False,False,True,False,534400.0
0.24430573502531755,1.946150675063535,1.330428269517726,-0.8988205286189691,0.8909158638173322,False,True,False,True,False,False,390400.0
0.7821335925193735,-1.1170455606083456,-0.7931603490261302,0.6455446408294312,-0.4716281742958758,False,True,False,True,False,False,357700.0
-1.2938134243048172,-0.09598014871771877,-0.7931603490261302,-0.8988205286189691,-0.23670678841428816,False,False,True,False,True,False,356600.0
-1.379454802886673,-0.09598014871771877,-0.7931603490261302,2.1899098102778316,-1.3173451634695912,True,False,False,False,True,False,171800.0
0.5149324913439827,0.9250852631729081,1.330428269517726,2.1899098102778316,1.4547271899331424,False,True,False,False,False,False,597900.0
0.2837007691729713,-1.1170455606083456,-0.7931603490261302,0.6455446408294312,0.4210730920541571,False,True,False,False,True,False,379400.0
0.23574159716713194,-0.09598014871771877,0.26863396024579794,0.6455446408294312,1.407742912756825,True,False,False,False,True,False,305800.0
0.33337276875044786,0.9250852631729081,1.330428269517726,0.6455446408294312,-0.5186124514721933,False,False,True,False,True,False,490900.0
-0.7217290153780187,1.946150675063535,1.330428269517726,0.6455446408294312,-1.3643294406459086,False,True,False,False,False,False,432100.0
0.2169004938791236,-0.09598014871771877,0.26863396024579794,-0.8988205286189691,-1.4582979949985437,True,False,False,False,True,False,286600.0
0.27856228645805997,-0.09598014871771877,0.26863396024579794,-0.8988205286189691,-0.6125810058248283,False,False,False,False,False,False,587400.0
-0.7559855668107611,-0.09598014871771877,-0.7931603490261302,0.6455446408294312,0.5150416464067922,True,False,False,False,False,False,308600.0
1.8954715140835021,0.9250852631729081,1.330428269517726,0.6455446408294312,0.37408881487783957,False,False,False,False,False,False,895300.0
0.46526049176650613,-0.09598014871771877,0.26863396024579794,-0.8988205286189691,-1.129408054764321,False,True,False,False,True,False,390400.0
-1.2458542522989777,-2.138110972498972,-1.8549546582980583,2.1899098102778316,1.50171146710946,True,False,False,True,False,False,161700.0
0.6519586970749524,1.946150675063535,1.330428269517726,-0.8988205286189691,-0.5655967286485108,False,True,False,True,False,False,445700.0
-1.023186667986152,-0.09598014871771877,0.26863396024579794,0.6455446408294312,-0.8005181145300984,False,True,False,True,False,False,235400.0
0.7872720752342849,-0.09598014871771877,0.26863396024579794,0.6455446408294312,1.3607586355805075,False,True,False,True,False,False,385900.0
1.1692326237093629,-1.1170455606083456,-0.7931603490261302,0.6455446408294312,1.7366328529910475,True,False,False,True,False,False,280700.0
-0.8656065313955369,-0.09598014871771877,0.26863396024579794,0.6455446408294312,0.37408881487783957,False,False,True,False,True,False,373500.0
0.9688317978278197,-0.09598014871771877,-0.7931603490261302,-0.8988205286189691,0.4680573692304746,False,False,True,False,True,False,501800.0
0.4018858716159327,-0.09598014871771877,-0.7931603490261302,-0.8988205286189691,1.219805804051555,False,True,False,False,True,False,451200.0
0.8232414542386645,-1.1170455606083456,-0.7931603490261302,0.6455446408294312,0.8439315866410148,False,False,True,True,False,False,416300.0
1.9280152379446076,-0.09598014871771877,0.26863396024579794,0.6455446408294312,-0.847502391706416,False,True,False,False,True,False,558400.0
-0.2746810191807301,1.946150675063535,1.330428269517726,-0.8988205286189691,-0.09575395688533561,False,True,False,False,True,False,402100.0
-0.797093428530052,-2.138110972498972,-1.8549546582980583,0.6455446408294312,0.7499630322883797,False,False,True,False,True,False,322100.0
-0.9358324618326588,1.946150675063535,1.330428269517726,-0.8988205286189691,-0.5186124514721933,False,True,False,False,False,False,442000.0
-0.8604680486806255,-0.09598014871771877,0.26863396024579794,0.6455446408294312,-1.0824237775880035,False,False,False,True,False,False,345300.0
-0.1016854344453809,0.9250852631729081,1.330428269517726,0.6455446408294312,0.37408881487783957,False,False,False,True,False,False,451100.0
0.32823428603553645,0.9250852631729081,1.330428269517726,-0.8988205286189691,0.32710453770152204,False,False,False,False,True,False,568700.0
0.26314683831332586,-0.09598014871771877,0.26863396024579794,-0.8988205286189691,1.3137743584041899,True,False,False,True,False,False,288100.0
0.8283799369535758,0.9250852631729081,0.26863396024579794,0.6455446408294312,0.6559944779357447,False,True,False,False,True,False,518700.0
-0.009192745576976363,0.9250852631729081,0.26863396024579794,0.6455446408294312,0.28012026052520456,False,False,True,False,True,False,447500.0
1.4724031038891332,-0.09598014871771877,-0.7931603490261302,0.6455446408294312,-0.6595652830011458,False,True,False,False,True,False,496300.0
-0.29352212246873843,-0.09598014871771877,0.26863396024579794,0.6455446408294312,0.8909158638173322,False,True,False,True,False,False,317300.0
2.774152058333345,-0.09598014871771877,-0.7931603490261302,0.6455446408294312,-0.847502391706416,False,True,False,False,True,False,602500.0
0.6211278007854841,0.9250852631729081,1.330428269517726,2.1899098102778316,0.8439315866410148,False,False,True,False,True,False,537700.0
-0.9032887379715535,0.9250852631729081,0.26863396024579794,0.6455446408294312,1.0788529725226024,False,True,False,False,True,False,397300.0
-1.122530667141105,0.9250852631729081,1.330428269517726,-0.8988205286189691,1.0318686953462848,True,False,False,True,False,False,265200.0
0.47382462962469174,-0.09598014871771877,-0.7931603490261302,-0.8988205286189691,-0.18972251123797065,False,False,True,True,False,False,382200.0
-0.25241426074944756,0.9250852631729081,1.330428269517726,-0.8988205286189691,-0.847502391706416,False,True,False,False,False,True,283400.0
0.7119076620822515,-1.1170455606083456,-1.8549546582980583,0.6455446408294312,-0.42464389711955824,False,True,False,False,False,True,276700.0
0.46354766419486904,-0.09598014871771877,-0.7931603490261302,-0.8988205286189691,0.7029787551120622,True,False,False,False,False,False,404400.0
-0.09654695173046954,-2.138110972498972,-1.8549546582980583,2.1899098102778316,0.5620259235831097,False,False,True,False,False,True,295500.0
-0.8930117725417308,-0.09598014871771877,0.26863396024579794,0.6455446408294312,-0.0017854025327005785,False,False,False,False,True,False,426400.0
-1.5781428011965792,-0.09598014871771877,-0.7931603490261302,0.6455446408294312,-0.5186124514721933,False,True,False,False,False,False,319100.0
-0.48022032777718465,-0.09598014871771877,0.26863396024579794,-0.8988205286189691,0.13916742899625198,False,False,True,True,False,False,328400.0
0.8574980056714069,-0.09598014871771877,-0.7931603490261302,-0.8988205286189691,0.04519887464361694,False,False,True,False,True,False,477100.0
0.19805939059111527,-0.09598014871771877,0.26863396024579794,-0.8988205286189691,0.7969473094646973,False,False,False,False,False,False,677700.0
-1.3023775621630027,-0.09598014871771877,0.26863396024579794,-0.8988205286189691,-0.7065495601774634,True,False,False,False,False,False,280700.0
0.15523870130018724,-1.1170455606083456,-0.7931603490261302,-0.8988205286189691,-0.9884552232353685,True,False,False,False,True,False,266400.0
0.37448063046973873,-0.09598014871771877,0.26863396024579794,0.6455446408294312,-0.42464389711955824,False,False,False,False,True,False,507100.0
-0.9306939791177474,-1.1170455606083456,-1.8549546582980583,0.6455446408294312,-0.09575395688533561,True,False,False,False,False,False,283800.0
0.13639759801217893,-1.1170455606083456,-0.7931603490261302,0.6455446408294312,1.0788529725226024,False,False,False,False,True,False,495400.0
0.0370535988572259,-0.09598014871771877,0.26863396024579794,0.6455446408294312,0.37408881487783957,False,False,False,False,False,False,589100.0
-1.1961822527215011,-0.09598014871771877,0.26863396024579794,-0.8988205286189691,0.4210730920541571,False,False,False,False,True,False,386300.0
0.34536256175190766,-0.09598014871771877,0.26863396024579794,0.6455446408294312,1.6426642986384126,False,False,False,False,True,False,542800.0
0.5543275254916364,-0.09598014871771877,-0.7931603490261302,0.6455446408294312,0.8439315866410148,False,False,True,False,False,False,588800.0
1.0904425554140553,-0.09598014871771877,-0.7931603490261302,-0.8988205286189691,-0.5186124514721933,False,False,False,False,False,False,689200.0
1.0613244866962244,0.9250852631729081,1.330428269517726,0.6455446408294312,-0.5655967286485108,False,True,False,False,True,False,482100.0
-1.4376909403223352,-0.09598014871771877,-0.7931603490261302,-0.8988205286189691,1.3137743584041899,False,False,False,False,False,True,261600.0
-0.9855044614101354,-0.09598014871771877,-0.7931603490261302,0.6455446408294312,-1.4582979949985437,False,True,False,False,True,False,279200.0
0.5080811810574342,-2.138110972498972,-1.8549546582980583,2.1899098102778316,-0.6595652830011458,False,False,False,False,True,False,452500.0
0.506368353485797,-0.09598014871771877,-0.7931603490261302,-0.8988205286189691,1.2667900812278725,False,False,True,False,True,False,478400.0
0.5080811810574342,-0.09598014871771877,0.26863396024579794,0.6455446408294312,0.28012026052520456,False,False,False,False,False,False,671100.0
3.93716197947495,-0.09598014871771877,0.26863396024579794,0.6455446408294312,-0.6595652830011458,True,False,False,False,False,False,602600.0
0.5646044909214591,-0.09598014871771877,-0.7931603490261302,2.1899098102778316,-0.33067534276692323,False,False,True,False,True,False,487600.0
1.1452530377064432,-0.09598014871771877,0.26863396024579794,-0.8988205286189691,-0.8944866688827334,False,False,False,True,False,False,490100.0
0.958554832397997,-0.09598014871771877,-0.7931603490261302,0.6455446408294312,-0.7535338373537809,True,False,False,False,True,False,327100.0
0.646820214360041,0.9250852631729081,0.26863396024579794,-0.8988205286189691,0.9379001409936498,False,False,False,False,True,False,624400.0
-0.3466197771894892,0.9250852631729081,1.330428269517726,-0.8988205286189691,-0.6595652830011458,False,False,False,False,True,False,486000.0
0.7581540065164538,0.9250852631729081,0.26863396024579794,-0.8988205286189691,0.37408881487783957,False,False,False,False,True,False,616100.0
-0.8159345318180603,1.946150675063535,1.330428269517726,2.1899098102778316,0.32710453770152204,False,True,False,False,True,False,394700.0
-0.2661168813225445,-2.138110972498972,-1.8549546582980583,0.6455446408294312,0.4680573692304746,False,True,False,False,True,False,307000.0
-0.5213281894964755,-1.1170455606083456,-0.7931603490261302,0.6455446408294312,0.13916742899625198,False,False,True,False,True,False,374800.0
0.06274601243178272,-2.138110972498972,-1.8549546582980583,2.1899098102778316,0.6559944779357447,False,True,False,False,True,False,375000.0
2.3562221308538875,-0.09598014871771877,0.26863396024579794,-0.8988205286189691,0.23313598334888702,False,False,True,True,False,False,539600.0
-1.9412622463836489,0.9250852631729081,1.330428269517726,-0.8988205286189691,-1.4113137178222261,False,False,False,False,True,False,317000.0
0.6827895933644206,-1.1170455606083456,-0.7931603490261302,-0.8988205286189691,0.6090102007594271,False,False,True,False,True,False,467800.0
-1.6791996279231693,1.946150675063535,1.330428269517726,-0.8988205286189691,0.5150416464067922,False,False,False,False,True,False,421500.0
-0.5076255689233786,-1.1170455606083456,-0.7931603490261302,-0.8988205286189691,-1.4582979949985437,False,False,False,True,False,False,333600.0
1.0972938657006037,1.946150675063535,1.330428269517726,-0.8988205286189691,-1.3173451634695912,False,False,False,False,False,False,728400.0
0.04390490914377439,-0.09598014871771877,0.26863396024579794,-0.8988205286189691,0.9379001409936498,False,False,False,False,True,False,519500.0
-1.1293819774276534,-1.1170455606083456,-0.7931603490261302,-0.8988205286189691,-0.2836910655906057,False,True,False,False,True,False,283000.0
-0.7576983943823983,-0.09598014871771877,-0.7931603490261302,-0.8988205286189691,-0.7535338373537809,False,False,True,False,True,False,325900.0
0.6759382830778721,-0.09598014871771877,0.26863396024579794,-0.8988205286189691,0.13916742899625198,False,False,False,False,True,False,593000.0
-0.7731138425271323,-0.09598014871771877,0.26863396024579794,2.1899098102778316,0.37408881487783957,False,False,True,False,True,False,386700.0
0.1997722181627524,-0.09598014871771877,-0.7931603490261302,0.6455446408294312,0.5620259235831097,False,False,True,False,False,False,525000.0
0.025063805855766057,0.9250852631729081,1.330428269517726,2.1899098102778316,-0.8005181145300984,True,False,False,False,True,False,321700.0
-0.6908981190885505,-0.09598014871771877,-0.7931603490261302,-0.8988205286189691,-0.9414709460590509,False,False,False,False,False,False,476000.0
2.1815137185469013,-0.09598014871771877,0.26863396024579794,-0.8988205286189691,-0.42464389711955824,False,True,False,False,True,False,541400.0
0.6296919386436698,-0.09598014871771877,-0.7931603490261302,0.6455446408294312,0.1861517061725695,True,False,False,True,False,False,272500.0
-2.1039808656891754,0.9250852631729081,1.330428269517726,-0.8988205286189691,1.3607586355805075,False,False,True,True,False,False,275200.0
0.16894132187328423,-0.09598014871771877,0.26863396024579794,-0.8988205286189691,-0.5655967286485108,False,True,False,False,True,False,392900.0
-0.7028879120900103,-0.09598014871771877,-0.7931603490261302,-0.8988205286189691,0.9848844181699673,False,False,False,False,True,False,459500.0
0.8540723505281326,-1.1170455606083456,-1.8549546582980583,-0.8988205286189691,0.1861517061725695,False,True,False,False,True,False,460400.0
-0.8364884626777058,-1.1170455606083456,-1.8549546582980583,-0.8988205286189691,-1.4582979949985437,False,True,False,False,False,False,272500.0
-0.13936764102139756,-0.09598014871771877,0.26863396024579794,-0.8988205286189691,0.04519887464361694,False,False,True,False,True,False,410100.0
0.49609138805597436,-1.1170455606083456,-1.8549546582980583,0.6455446408294312,-1.4582979949985437,False,False,False,False,True,False,468300.0
0.8677749711012296,-0.09598014871771877,-0.7931603490261302,-0.8988205286189691,0.37408881487783957,False,True,False,False,False,False,528700.0
-1.2561312177288004,0.9250852631729081,1.330428269517726,-0.8988205286189691,-1.0824237775880035,False,True,False,False,False,False,364000.0
-0.36546088047749753,-1.1170455606083456,-1.8549546582980583,0.6455446408294312,1.3607586355805075,False,True,False,False,True,False,354400.0
-0.5093383964950157,-0.09598014871771877,-0.7931603490261302,-0.8988205286189691,0.13916742899625198,False,False,True,False,False,False,445500.0
-0.6926109466601876,-0.09598014871771877,0.26863396024579794,-0.8988205286189691,-1.5992508265274963,False,False,True,False,False,False,440900.0
1.7927018597852749,1.946150675063535,1.330428269517726,0.6455446408294312,-0.6125810058248283,False,True,False,False,True,False,544000.0
0.3933217337577471,-0.09598014871771877,0.26863396024579794,-0.8988205286189691,-0.847502391706416,True,False,False,True,False,False,221400.0
-1.3177930103077369,0.9250852631729081,1.330428269517726,-0.8988205286189691,-0.8944866688827334,False,False,False,False,False,True,312800.0
0.9208726258219804,-0.09598014871771877,0.26863396024579794,-0.8988205286189691,1.2667900812278725,False,False,False,False,True,False,646600.0
2.159246960115619,-2.138110972498972,-1.8549546582980583,-0.8988205286189691,-0.09575395688533561,False,True,False,False,True,False,488100.0
1.0390577282649418,-0.09598014871771877,0.26863396024579794,0.6455446408294312,1.1728215268752373,False,False,False,False,False,False,777600.0
-1.5832812839114905,1.946150675063535,1.330428269517726,0.6455446408294312,-1.6932193808801312,False,False,False,False,True,False,361500.0
-0.5196153619248384,-0.09598014871771877,0.26863396024579794,-0.8988205286189691,-0.5655967286485108,False,False,False,False,True,False,455000.0
1.2805664158657757,0.9250852631729081,0.26863396024579794,0.6455446408294312,0.37408881487783957,False,False,True,False,False,False,671100.0
-0.7491342565242126,0.9250852631729081,0.26863396024579794,0.6455446408294312,0.5620259235831097,False,False,False,False,False,False,548700.0
0.43442959547703797,-1.1170455606083456,-0.7931603490261302,-0.8988205286189691,-0.9884552232353685,False,False,True,False,True,False,397800.0
0.773569454661188,-1.1170455606083456,-1.8549546582980583,0.6455446408294312,-0.847502391706416,False,False,False,True,False,False,417100.0
-0.9752274959803127,-0.09598014871771877,0.26863396024579794,-0.8988205286189691,-0.6595652830011458,True,False,False,False,True,False,263400.0
-0.08284433115737257,-0.09598014871771877,0.26863396024579794,-0.8988205286189691,-0.5655967286485108,False,False,True,False,True,False,431800.0
-2.4191411388704056,0.9250852631729081,1.330428269517726,-0.8988205286189691,-0.9884552232353685,False,False,False,False,True,False,257900.0
-1.0745714951352656,1.946150675063535,1.330428269517726,-0.8988205286189691,0.7969473094646973,False,False,True,False,True,False,407200.0
-0.28153232946727863,-0.09598014871771877,-0.7931603490261302,-0.8988205286189691,1.6896485758147302,False,True,False,False,False,False,495200.0
-1.3040903897346399,-1.1170455606083456,-1.8549546582980583,0.6455446408294312,-1.6932193808801312,False,False,True,False,True,False,257700.0
1.6556756540543052,0.9250852631729081,1.330428269517726,-0.8988205286189691,0.23313598334888702,False,True,False,False,True,False,545100.0
-1.492501422614723,-0.09598014871771877,0.26863396024579794,-0.8988205286189691,-0.847502391706416,False,True,False,False,True,False,273600.0
-0.4750818450622733,0.9250852631729081,1.330428269517726,-0.8988205286189691,-0.14273823406165315,False,False,True,False,True,False,457200.0
0.11241801200925923,-0.09598014871771877,0.26863396024579794,0.6455446408294312,0.8439315866410148,False,True,False,False,False,True,307700.0
1.4587004833160364,-0.09598014871771877,0.26863396024579794,0.6455446408294312,-0.8944866688827334,False,False,False,False,False,False,768900.0
-1.4976399053296345,-1.1170455606083456,-0.7931603490261302,0.6455446408294312,-0.14273823406165315,False,False,True,False,False,True,175400.0
1.1726582788526372,-0.09598014871771877,-0.7931603490261302,0.6455446408294312,0.37408881487783957,False,True,False,False,True,False,487000.0
-0.010905573148613484,-0.09598014871771877,-0.7931603490261302,0.6455446408294312,-1.4582979949985437,False,True,False,False,False,True,243900.0
-1.0300379782727005,-0.09598014871771877,0.26863396024579794,-0.8988205286189691,-0.7535338373537809,False,False,False,False,True,False,414800.0
0.45327069876504633,-1.1170455606083456,-1.8549546582980583,0.6455446408294312,1.5486957442857776,False,True,False,False,True,False,442500.0
0.18264394244638119,0.9250852631729081,1.330428269517726,0.6455446408294312,0.5150416464067922,True,False,False,False,True,False,362100.0
-0.6395132919394368,0.9250852631729081,1.330428269517726,2.1899098102778316,0.09218315181993446,False,True,False,True,False,False,312200.0
0.04904339185868575,-1.1170455606083456,-0.7931603490261302,0.6455446408294312,-0.2836910655906057,False,True,False,False,True,False,366700.0
-0.41855853519824826,-1.1170455606083456,-0.7931603490261302,-0.8988205286189691,-1.2703608862932736,False,False,True,False,True,False,363700.0
0.09528973629288802,-2.138110972498972,-1.8549546582980583,-0.8988205286189691,-0.33067534276692323,False,False,True,False,True,False,378200.0
0.6588100073615009,-0.09598014871771877,0.26863396024579794,-0.8988205286189691,-0.8944866688827334,False,True,False,True,False,False,368700.0
1.607716482048466,-0.09598014871771877,0.26863396024579794,0.6455446408294312,1.0788529725226024,False,True,False,False,True,False,555200.0
-1.2938134243048172,-0.09598014871771877,0.26863396024579794,-0.8988205286189691,1.6896485758147302,True,False,False,True,False,False,195400.0
2.1695239255454415,-1.1170455606083456,-0.7931603490261302,-0.8988205286189691,-1.035439500411686,False,False,True,False,True,False,551900.0
-2.028616452537142,-0.09598014871771877,-0.7931603490261302,0.6455446408294312,-1.5522665493511787,False,False,False,False,True,False,241500.0
-0.17876267516905134,-0.09598014871771877,0.26863396024579794,-0.8988205286189691,1.219805804051555,False,False,False,False,True,False,497200.0
0.5817327666378304,-0.09598014871771877,0.26863396024579794,0.6455446408294312,0.13916742899625198,False,True,False,False,True,False,446700.0
0.2665724934566001,1.946150675063535,1.330428269517726,-0.8988205286189691,-1.3173451634695912,False,False,False,False,False,False,660700.0
-0.6617800503707195,-1.1170455606083456,-0.7931603490261302,-0.8988205286189691,-1.3173451634695912,False,True,False,False,True,False,279900.0
-0.23528598503307632,-0.09598014871771877,0.26863396024579794,-0.8988205286189691,-0.5186124514721933,True,False,False,True,False,False,236400.0
-0.528179499783024,-0.09598014871771877,0.26863396024579794,0.6455446408294312,-1.5522665493511787,False,False,False,False,True,False,416900.0
-0.6275234989379771,-0.09598014871771877,0.26863396024579794,-0.8988205286189691,-0.9884552232353685,False,False,True,False,False,False,424900.0
0.8506466953848584,0.9250852631729081,0.26863396024579794,-0.8988205286189691,-1.035439500411686,False,True,False,False,True,False,472300.0
0.34536256175190766,-0.09598014871771877,-0.7931603490261302,2.1899098102778316,0.7029787551120622,False,False,True,False,True,False,454100.0
-0.7337188083794786,1.946150675063535,1.330428269517726,-0.8988205286189691,1.50171146710946,False,False,True,False,False,False,510900.0
0.902031522533972,-1.1170455606083456,-0.7931603490261302,0.6455446408294312,-1.505282272174861,False,False,False,False,False,False,686800.0
0.2939777346027941,-1.1170455606083456,-0.7931603490261302,0.6455446408294312,-0.8005181145300984,False,True,False,False,True,False,363000.0
0.8129644888088418,0.9250852631729081,1.330428269517726,-0.8988205286189691,-0.8944866688827334,False,False,False,True,False,False,501000.0
0.6245534559287584,-0.09598014871771877,-0.7931603490261302,0.6455446408294312,-1.6462351037038137,True,False,False,False,False,False,339700.0
-0.8741706692537224,-0.09598014871771877,0.26863396024579794,-0.8988205286189691,-1.129408054764321,True,False,False,True,False,False,191900.0
-0.598405430220146,-1.1170455606083456,-0.7931603490261302,0.6455446408294312,-1.5522665493511787,False,True,False,False,True,False,277400.0
0.746164213514994,-1.1170455606083456,-0.7931603490261302,-0.8988205286189691,0.23313598334888702,False,True,False,False,True,False,444400.0
0.6057123526407501,0.9250852631729081,1.330428269517726,0.6455446408294312,1.7366328529910475,False,True,False,False,True,False,520000.0
-0.043449297009718786,-1.1170455606083456,-0.7931603490261302,-0.8988205286189691,1.12583724969892,False,False,True,False,True,False,428300.0
0.09871539143616226,-0.09598014871771877,0.26863396024579794,0.6455446408294312,-1.3643294406459086,False,True,False,False,True,False,365400.0
1.2908433812955984,-1.1170455606083456,-1.8549546582980583,-0.8988205286189691,1.407742912756825,False,True,False,False,False,False,568600.0
-0.6292363265096141,-0.09598014871771877,0.26863396024579794,-0.8988205286189691,1.219805804051555,False,True,False,True,False,False,313300.0
0.5406249049185394,-1.1170455606083456,-0.7931603490261302,-0.8988205286189691,-1.3173451634695912,False,False,False,False,True,False,487900.0
-0.23014750231816497,-0.09598014871771877,0.26863396024579794,-0.8988205286189691,-1.223376609116956,False,False,True,False,True,False,381700.0
-0.24556295046289905,-1.1170455606083456,-0.7931603490261302,0.6455446408294312,0.23313598334888702,False,False,False,False,False,False,503200.0
1.1075708311304264,0.9250852631729081,1.330428269517726,-0.8988205286189691,-1.129408054764321,False,True,False,True,False,False,384500.0
0.8266671093819387,-1.1170455606083456,-1.8549546582980583,2.1899098102778316,-0.0487696797090181,False,False,False,False,False,True,356700.0
0.8146773163804788,-0.09598014871771877,0.26863396024579794,2.1899098102778316,-1.129408054764321,False,False,False,True,False,False,494000.0
1.3199614500134296,0.9250852631729081,0.26863396024579794,0.6455446408294312,-1.1763923319406386,False,True,False,True,False,False,440200.0
-0.000628607718790758,-0.09598014871771877,0.26863396024579794,-0.8988205286189691,-0.0017854025327005785,True,False,False,False,False,False,343900.0
0.6793639382211463,-0.09598014871771877,0.26863396024579794,-0.8988205286189691,1.7366328529910475,False,False,True,False,True,False,537100.0
-0.3414812944745778,-0.09598014871771877,-0.7931603490261302,0.6455446408294312,1.6896485758147302,False,False,False,False,True,False,462500.0
0.31110601031916524,-0.09598014871771877,0.26863396024579794,-0.8988205286189691,0.7029787551120622,False,False,False,False,True,False,589000.0
-0.15649591673776878,-0.09598014871771877,0.26863396024579794,-0.8988205286189691,1.595680021462095,True,False,False,False,True,False,275200.0
0.07816146057651681,1.946150675063535,1.330428269517726,0.6455446408294312,-1.6462351037038137,False,True,False,True,False,False,384600.0
0.590296904496016,-0.09598014871771877,0.26863396024579794,0.6455446408294312,0.8909158638173322,False,False,False,False,True,False,623900.0
-0.8621808762522626,-0.09598014871771877,-0.7931603490261302,0.6455446408294312,1.0788529725226024,True,False,False,False,True,False,270100.0
2.1284160638261507,0.9250852631729081,1.330428269517726,-0.8988205286189691,-0.6595652830011458,False,False,True,True,False,False,554200.0
-1.0557303918472574,-0.09598014871771877,-0.7931603490261302,0.6455446408294312,0.13916742899625198,True,False,False,False,True,False,253800.0
-1.2698338383018974,-1.1170455606083456,-1.8549546582980583,-0.8988205286189691,1.2667900812278725,True,False,False,False,True,False,177800.0
1.1675197961377257,-0.09598014871771877,0.26863396024579794,-0.8988205286189691,-0.6595652830011458,True,False,False,False,False,True,259600.0
0.7906977303775592,1.946150675063535,1.330428269517726,0.6455446408294312,-0.3776596199432407,False,False,False,True,False,False,535100.0
0.6194149732138471,-1.1170455606083456,-0.7931603490261302,-0.8988205286189691,0.6559944779357447,False,False,False,False,True,False,514900.0
0.6245534559287584,-0.09598014871771877,-0.7931603490261302,-0.8988205286189691,1.50171146710946,False,True,False,False,False,True,313000.0
-0.03488515915153318,-1.1170455606083456,-0.7931603490261302,-0.8988205286189691,-0.2836910655906057,False,True,False,False,False,False,441400.0
-0.9443965996908444,-0.09598014871771877,0.26863396024579794,0.6455446408294312,0.6090102007594271,False,True,False,True,False,False,270500.0
0.05589470214523423,-1.1170455606083456,-0.7931603490261302,0.6455446408294312,-0.8005181145300984,False,True,False,False,True,False,377100.0
-0.7183033602347445,-0.09598014871771877,0.26863396024579794,0.6455446408294312,0.8439315866410148,False,True,False,False,False,False,415600.0
0.9808215908292796,0.9250852631729081,1.330428269517726,0.6455446408294312,-1.6462351037038137,False,True,False,False,False,False,559100.0
-0.17362419245414,-0.09598014871771877,-0.7931603490261302,-0.8988205286189691,-0.5655967286485108,False,False,False,False,False,False,540300.0
-0.8707450141104482,-0.09598014871771877,0.26863396024579794,-0.8988205286189691,-1.129408054764321,False,True,False,False,True,False,283600.0
-0.35175825990440057,0.9250852631729081,1.330428269517726,-0.8988205286189691,1.5486957442857776,False,True,False,False,True,False,403100.0
0.4018858716159327,1.946150675063535,1.330428269517726,-0.8988205286189691,1.407742912756825,False,False,True,False,True,False,535900.0
-0.6018310853634202,-1.1170455606083456,-0.7931603490261302,-0.8988205286189691,0.9848844181699673,False,False,False,True,False,False,365700.0
-0.8673193589671739,-0.09598014871771877,-0.7931603490261302,2.1899098102778316,1.2667900812278725,False,True,False,False,False,True,193800.0
0.22889028688058347,-1.1170455606083456,-1.8549546582980583,-0.8988205286189691,1.50171146710946,False,False,True,False,False,False,520400.0
0.22889028688058347,1.946150675063535,1.330428269517726,-0.8988205286189691,1.0318686953462848,False,True,False,False,True,False,491200.0
-0.5435949479277581,1.946150675063535,1.330428269517726,-0.8988205286189691,1.0788529725226024,False,False,False,False,True,False,540800.0
-0.5059127413517415,-0.09598014871771877,0.26863396024579794,-0.8988205286189691,1.1728215268752373,False,True,False,False,False,False,420900.0
0.2169004938791236,0.9250852631729081,1.330428269517726,2.1899098102778316,-0.9884552232353685,False,True,False,False,True,False,421000.0
-1.5096296983310944,-0.09598014871771877,-0.7931603490261302,-0.8988205286189691,1.4547271899331424,True,False,False,False,True,False,228800.0
-1.4685218366118034,-0.09598014871771877,0.26863396024579794,-0.8988205286189691,-1.035439500411686,False,False,False,False,True,False,352500.0
-0.7611240495256725,-1.1170455606083456,-0.7931603490261302,0.6455446408294312,0.8439315866410148,False,False,True,True,False,False,323500.0
-0.24213729531962483,0.9250852631729081,1.330428269517726,-0.8988205286189691,-0.09575395688533561,False,False,False,False,True,False,519100.0
0.2974033897460683,-1.1170455606083456,-1.8549546582980583,-0.8988205286189691,0.8439315866410148,False,True,False,False,False,False,471100.0
1.494669862320416,0.9250852631729081,1.330428269517726,-0.8988205286189691,-1.0824237775880035,False,True,False,False,False,False,589900.0
0.859210833243044,0.9250852631729081,1.330428269517726,0.6455446408294312,0.5620259235831097,False,True,False,False,False,False,620600.0
-0.18561398545559982,0.9250852631729081,1.330428269517726,2.1899098102778316,-1.4113137178222261,False,True,False,False,True,False,368500.0
-0.04173646943808166,-2.138110972498972,-1.8549546582980583,0.6455446408294312,-0.33067534276692323,False,False,False,False,False,False,502400.0
-1.052304736703983,-0.09598014871771877,0.26863396024579794,-0.8988205286189691,0.5620259235831097,False,True,False,False,False,True,228300.0
-0.04173646943808166,-0.09598014871771877,0.26863396024579794,0.6455446408294312,-0.9884552232353685,False,True,False,True,False,False,274100.0
-0.31921453604329525,-0.09598014871771877,0.26863396024579794,-0.8988205286189691,0.6559944779357447,False,True,False,False,True,False,373000.0
0.30939318274752814,-1.1170455606083456,-1.8549546582980583,-0.8988205286189691,1.6426642986384126,True,False,False,False,True,False,304400.0
-0.8724578416820854,1.946150675063535,1.330428269517726,-0.8988205286189691,0.23313598334888702,False,True,False,False,True,False,380000.0
0.5115068362007085,-0.09598014871771877,-0.7931603490261302,-0.8988205286189691,-0.9414709460590509,False,True,False,False,True,False,413000.0
1.552905999756078,-0.09598014871771877,-0.7931603490261302,0.6455446408294312,1.219805804051555,False,False,False,True,False,False,581600.0
-0.13422915830648618,-0.09598014871771877,0.26863396024579794,0.6455446408294312,0.37408881487783957,False,True,False,False,True,False,381800.0
0.39160890618610994,-0.09598014871771877,0.26863396024579794,2.1899098102778316,-1.4113137178222261,False,False,True,False,True,False,429900.0
0.6879280760793319,-0.09598014871771877,0.26863396024579794,0.6455446408294312,-0.4716281742958758,False,True,False,False,True,False,428500.0
-0.4339739833429824,-0.09598014871771877,-0.7931603490261302,0.6455446408294312,-1.2703608862932736,False,False,True,True,False,False,314800.0
0.208336356020938,1.946150675063535,1.330428269517726,-0.8988205286189691,-0.14273823406165315,False,True,False,False,True,False,442500.0
-0.009192745576976363,-0.09598014871771877,0.26863396024579794,-0.8988205286189691,-0.0487696797090181,False,False,True,False,True,False,405100.0
0.07816146057651681,1.946150675063535,1.330428269517726,0.6455446408294312,-0.5655967286485108,False,False,False,False,True,False,555900.0
-0.8159345318180603,0.9250852631729081,1.330428269517726,-0.8988205286189691,-1.4582979949985437,True,False,False,False,True,False,256100.0
0.002797047424483484,-1.1170455606083456,-0.7931603490261302,0.6455446408294312,-0.6125810058248283,False,True,False,False,True,False,376800.0
0.48924007776942585,1.946150675063535,1.330428269517726,-0.8988205286189691,-0.8944866688827334,False,True,False,False,False,False,548500.0
1.4689774487458591,-1.1170455606083456,-1.8549546582980583,-0.8988205286189691,-1.4582979949985437,False,True,False,True,False,False,352100.0
0.9636933151129083,0.9250852631729081,1.330428269517726,-0.8988205286189691,-0.3776596199432407,False,True,False,False,True,False,488200.0
2.190077856405087,-0.09598014871771877,0.26863396024579794,-0.8988205286189691,-0.5655967286485108,True,False,False,False,True,False,431200.0
-0.810796049103149,0.9250852631729081,1.330428269517726,-0.8988205286189691,0.8439315866410148,False,False,False,False,True,False,497200.0
0.8746262813877781,0.9250852631729081,0.26863396024579794,0.6455446408294312,0.4210730920541571,False,False,False,True,False,False,525000.0
0.1672284943016471,0.9250852631729081,1.330428269517726,-0.8988205286189691,-0.6125810058248283,False,True,False,True,False,False,374500.0
2.227760062981104,0.9250852631729081,0.26863396024579794,0.6455446408294312,-0.5186124514721933,False,True,False,False,True,False,588800.0
-0.8519039108224399,-0.09598014871771877,0.26863396024579794,-0.8988205286189691,-0.42464389711955824,False,True,False,False,False,False,379000.0
-0.8844476346835451,-1.1170455606083456,-0.7931603490261302,-0.8988205286189691,-1.5992508265274963,False,False,True,False,True,False,296900.0
-0.6378004643677998,-0.09598014871771877,0.26863396024579794,-0.8988205286189691,0.04519887464361694,False,True,False,False,True,False,360400.0
-2.2050376924157655,-1.1170455606083456,-0.7931603490261302,0.6455446408294312,1.12583724969892,True,False,False,False,False,False,190100.0
-0.5624360512157665,-0.09598014871771877,0.26863396024579794,-0.8988205286189691,0.6559944779357447,False,True,False,True,False,False,320400.0
-0.8022319112449634,-0.09598014871771877,0.26863396024579794,0.6455446408294312,0.5150416464067922,False,False,False,False,False,False,535900.0
0.13297194286890468,1.946150675063535,1.330428269517726,-0.8988205286189691,-0.7535338373537809,False,False,True,False,True,False,464000.0
0.3299471136071736,-0.09598014871771877,0.26863396024579794,0.6455446408294312,0.7969473094646973,False,True,False,False,True,False,427100.0
1.9057484795133248,0.9250852631729081,1.330428269517726,-0.8988205286189691,0.8909158638173322,False,True,False,False,False,False,695200.0
0.9551291772547228,-1.1170455606083456,-0.7931603490261302,0.6455446408294312,1.0318686953462848,False,True,False,False,False,False,548500.0
-0.6155337059365172,0.9250852631729081,1.330428269517726,0.6455446408294312,1.6426642986384126,False,False,False,False,False,False,609400.0
-0.9461094272624816,1.946150675063535,1.330428269517726,2.1899098102778316,0.6559944779357447,False,True,False,True,False,False,330700.0
0.4841015950545145,-0.09598014871771877,0.26863396024579794,-0.8988205286189691,-0.8005181145300984,True,False,False,False,False,False,351300.0
-1.379454802886673,-0.09598014871771877,0.26863396024579794,-0.8988205286189691,1.0318686953462848,False,False,False,False,False,False,483400.0
1.8595021350791228,0.9250852631729081,1.330428269517726,-0.8988205286189691,1.595680021462095,False,True,False,False,True,False,600600.0
1.1897865545690083,-1.1170455606083456,-0.7931603490261302,0.6455446408294312,-1.3173451634695912,False,False,True,True,False,False,431700.0
-0.5041999137801043,-0.09598014871771877,0.26863396024579794,0.6455446408294312,-1.6932193808801312,True,False,False,True,False,False,199000.0
-1.7819692822213966,-0.09598014871771877,0.26863396024579794,0.6455446408294312,-0.3776596199432407,False,True,False,False,False,False,300600.0
1.3696334495909062,-1.1170455606083456,-0.7931603490261302,-0.8988205286189691,1.219805804051555,False,True,False,False,True,False,506400.0
-0.13936764102139756,-0.09598014871771877,-0.7931603490261302,-0.8988205286189691,1.6426642986384126,False,True,False,False,True,False,402100.0
1.2497355195763076,-1.1170455606083456,-0.7931603490261302,-0.8988205286189691,0.8909158638173322,True,False,False,False,True,False,353800.0
-1.660358524635161,-2.138110972498972,-1.8549546582980583,2.1899098102778316,1.4547271899331424,True,False,False,False,True,False,187500.0
-0.6378004643677998,-1.1170455606083456,-0.7931603490261302,0.6455446408294312,-0.09575395688533561,False,False,False,False,True,False,385200.0
-0.016044055863524847,1.946150675063535,1.330428269517726,2.1899098102778316,-1.5992508265274963,False,True,False,False,True,False,457900.0
0.02677663342740318,-0.09598014871771877,-0.7931603490261302,-0.8988205286189691,-1.4113137178222261,False,True,False,False,False,False,406700.0
-0.485358810492096,1.946150675063535,1.330428269517726,0.6455446408294312,-0.4716281742958758,False,False,True,False,True,False,457600.0
0.6177021456422099,-0.09598014871771877,-0.7931603490261302,0.6455446408294312,-1.6932193808801312,False,True,False,False,True,False,373300.0
-1.1191050119978307,-0.09598014871771877,0.26863396024579794,-0.8988205286189691,1.595680021462095,False,False,True,False,True,False,392400.0
-0.1684857097392286,-0.09598014871771877,0.26863396024579794,0.6455446408294312,0.32710453770152204,True,False,False,True,False,False,206700.0
0.1021410465794365,-0.09598014871771877,-0.7931603490261302,2.1899098102778316,0.1861517061725695,False,False,False,False,True,False,533200.0
0.506368353485797,-1.1170455606083456,-1.8549546582980583,0.6455446408294312,0.23313598334888702,False,False,False,False,True,False,508900.0
0.7084820069389773,-0.09598014871771877,0.26863396024579794,0.6455446408294312,-0.18972251123797065,False,True,False,True,False,False,367000.0
-1.1773411494334929,-1.1170455606083456,-0.7931603490261302,-0.8988205286189691,0.6090102007594271,False,True,False,False,False,False,407100.0
-1.5986967320562246,-0.09598014871771877,0.26863396024579794,-0.8988205286189691,1.219805804051555,False,False,False,False,True,False,361800.0
1.2908433812955984,-0.09598014871771877,0.26863396024579794,2.1899098102778316,-0.0017854025327005785,False,False,False,True,False,False,534100.0
0.31967014817735084,-1.1170455606083456,-1.8549546582980583,-0.8988205286189691,1.0318686953462848,False,False,True,True,False,False,408600.0
-0.7919549458151407,-1.1170455606083456,-0.7931603490261302,0.6455446408294312,0.5150416464067922,True,False,False,False,True,False,236000.0
1.5717471030440864,0.9250852631729081,1.330428269517726,0.6455446408294312,-1.505282272174861,False,True,False,False,False,False,580500.0
0.09700256386452515,-0.09598014871771877,0.26863396024579794,0.6455446408294312,0.5150416464067922,False,True,False,False,True,False,399500.0
1.1897865545690083,-1.1170455606083456,-0.7931603490261302,2.1899098102778316,-1.5992508265274963,False,True,False,False,True,False,424100.0
0.04733056428704863,1.946150675063535,1.330428269517726,-0.8988205286189691,0.4680573692304746,False,False,True,False,True,False,500300.0
2.0958723399650454,-1.1170455606083456,-0.7931603490261302,-0.8988205286189691,1.1728215268752373,False,False,True,False,True,False,588700.0
1.7824248943554521,-0.09598014871771877,-0.7931603490261302,-0.8988205286189691,-1.0824237775880035,False,True,False,True,False,False,434300.0
-0.2781066743240044,1.946150675063535,1.330428269517726,-0.8988205286189691,1.219805804051555,False,False,False,True,False,False,458600.0
0.9756831081143682,-1.1170455606083456,-0.7931603490261302,-0.8988205286189691,1.12583724969892,False,False,False,False,True,False,568400.0
0.6416817316451296,-1.1170455606083456,-1.8549546582980583,-0.8988205286189691,-0.2836910655906057,False,False,False,True,False,False,424100.0
1.38504889773564,-1.1170455606083456,-1.8549546582980583,0.6455446408294312,-0.9414709460590509,False,True,False,False,False,True,299100.0
-1.0129097025563292,-0.09598014871771877,-0.7931603490261302,2.1899098102778316,-0.6125810058248283,False,False,True,False,False,False,402200.0
0.6827895933644206,-1.1170455606083456,-0.7931603490261302,-0.8988205286189691,-0.6595652830011458,True,False,False,True,False,False,241100.0
1.0664629694111356,-0.09598014871771877,0.26863396024579794,-0.8988205286189691,0.6090102007594271,False,True,False,False,True,False,493200.0
-1.829928454227236,-1.1170455606083456,-0.7931603490261302,2.1899098102778316,1.5486957442857776,False,False,True,False,True,False,277400.0
-1.2372901144407922,-0.09598014871771877,0.26863396024579794,-0.8988205286189691,-0.4716281742958758,True,False,False,False,True,False,198100.0
-2.117683486262272,1.946150675063535,1.330428269517726,-0.8988205286189691,-1.035439500411686,False,True,False,False,True,False,262000.0
-0.29866060518364984,0.9250852631729081,1.330428269517726,-0.8988205286189691,0.6090102007594271,False,True,False,True,False,False,333500.0
0.7153333172255258,-0.09598014871771877,0.26863396024579794,0.6455446408294312,-0.0487696797090181,True,False,False,False,True,False,341800.0
1.5220751034666098,-0.09598014871771877,-0.7931603490261302,-0.8988205286189691,-1.3643294406459086,False,True,False,False,True,False,476400.0
0.05418187457359711,-0.09598014871771877,0.26863396024579794,2.1899098102778316,-1.5992508265274963,True,False,False,False,True,False,248900.0
1.652249998911031,-0.09598014871771877,0.26863396024579794,-0.8988205286189691,1.1728215268752373,True,False,False,False,False,True,287700.0
-1.4411165954656096,-0.09598014871771877,-0.7931603490261302,0.6455446408294312,0.4680573692304746,False,False,True,False,False,False,358600.0
-1.773405144363211,-1.1170455606083456,-1.8549546582980583,-0.8988205286189691,1.12583724969892,False,False,True,True,False,False,229600.0
-0.07941867601409833,0.9250852631729081,0.26863396024579794,-0.8988205286189691,-0.23670678841428816,False,False,True,False,True,False,428100.0
0.37276780289810163,-0.09598014871771877,-0.7931603490261302,0.6455446408294312,-1.129408054764321,False,False,True,False,True,False,398200.0
-0.05543909001117863,-1.1170455606083456,-0.7931603490261302,0.6455446408294312,-1.6932193808801312,False,True,False,False,False,True,232200.0
-2.146801554980103,-0.09598014871771877,-0.7931603490261302,0.6455446408294312,-0.14273823406165315,False,False,False,False,True,False,284400.0
-0.11367522744684075,-0.09598014871771877,0.26863396024579794,0.6455446408294312,1.1728215268752373,False,True,False,False,True,False,381800.0
-1.362326527170302,0.9250852631729081,1.330428269517726,2.1899098102778316,1.595680021462095,False,False,True,False,False,False,444200.0
0.6656613176480494,0.9250852631729081,1.330428269517726,0.6455446408294312,-0.2836910655906057,False,False,False,False,False,False,718900.0
0.35392669961009326,0.9250852631729081,1.330428269517726,0.6455446408294312,1.2667900812278725,False,False,False,False,True,False,603000.0
-0.9872172889817724,-2.138110972498972,-1.8549546582980583,-0.8988205286189691,-0.5655967286485108,False,False,False,False,True,False,319700.0
-0.5504462582143066,-0.09598014871771877,0.26863396024579794,-0.8988205286189691,0.04519887464361694,False,False,True,True,False,False,315400.0
-1.1105408741396452,-0.09598014871771877,-0.7931603490261302,-0.8988205286189691,-1.0824237775880035,True,False,False,False,True,False,196900.0
-0.0862699863006468,-2.138110972498972,-1.8549546582980583,0.6455446408294312,-1.3643294406459086,True,False,False,True,False,False,200600.0
0.9602676599696341,-0.09598014871771877,0.26863396024579794,-0.8988205286189691,0.7969473094646973,False,True,False,False,True,False,494500.0
-1.035176460987612,0.9250852631729081,0.26863396024579794,-0.8988205286189691,-1.6462351037038137,True,False,False,False,True,False,221500.0
0.49609138805597436,-1.1170455606083456,-0.7931603490261302,0.6455446408294312,0.8909158638173322,False,False,True,False,True,False,444500.0
-0.5675745339306778,-0.09598014871771877,0.26863396024579794,0.6455446408294312,1.12583724969892,False,True,False,False,True,False,364000.0
-0.8364884626777058,-1.1170455606083456,-0.7931603490261302,2.1899098102778316,-0.7065495601774634,False,True,False,False,False,False,360700.0
-0.13251633073484909,-2.138110972498972,-1.8549546582980583,-0.8988205286189691,-0.09575395688533561,False,False,False,False,True,False,442900.0
-1.0865612881367255,-1.1170455606083456,-0.7931603490261302,0.6455446408294312,-0.9884552232353685,True,False,False,False,False,False,217200.0
-0.5915541199335975,1.946150675063535,1.330428269517726,-0.8988205286189691,0.6090102007594271,False,True,False,False,True,False,468400.0
-1.2527055625855261,0.9250852631729081,1.330428269517726,-0.8988205286189691,0.28012026052520456,False,True,False,False,True,False,358700.0
1.9965283408100922,1.946150675063535,1.330428269517726,-0.8988205286189691,-0.9414709460590509,False,False,True,False,True,False,630700.0
0.014786840425943332,-0.09598014871771877,-0.7931603490261302,-0.8988205286189691,0.9848844181699673,False,True,False,True,False,False,327000.0
-0.7405701186660271,-1.1170455606083456,-1.8549546582980583,-0.8988205286189691,-1.6462351037038137,False,True,False,False,False,False,330800.0
0.19805939059111527,-0.09598014871771877,0.26863396024579794,0.6455446408294312,-1.5522665493511787,False,True,False,False,True,False,403800.0
-0.13765481344976044,-0.09598014871771877,0.26863396024579794,-0.8988205286189691,0.09218315181993446,False,False,False,False,False,False,590000.0
-0.2489886056061733,0.9250852631729081,1.330428269517726,0.6455446408294312,-1.4582979949985437,False,False,True,False,True,False,395900.0
0.6091380077840243,-1.1170455606083456,-0.7931603490261302,0.6455446408294312,1.50171146710946,False,True,False,False,False,False,542900.0
0.7564411789448168,-0.09598014871771877,0.26863396024579794,-0.8988205286189691,1.50171146710946,False,True,False,False,True,False,476100.0
-0.5675745339306778,-1.1170455606083456,-0.7931603490261302,-0.8988205286189691,-0.8005181145300984,False,True,False,False,True,False,372000.0
-0.6138208783648801,-0.09598014871771877,-0.7931603490261302,-0.8988205286189691,1.2667900812278725,False,True,False,False,True,False,363600.0
-0.3055119154701983,0.9250852631729081,1.330428269517726,0.6455446408294312,-0.9884552232353685,False,True,False,False,True,False,433400.0
-2.3883102425809373,-0.09598014871771877,0.26863396024579794,-0.8988205286189691,0.6559944779357447,False,False,True,False,True,False,238100.0
-1.5798556287682164,-0.09598014871771877,0.26863396024579794,-0.8988205286189691,-0.0017854025327005785,False,False,True,True,False,False,251200.0
1.383336070164003,-0.09598014871771877,0.26863396024579794,-0.8988205286189691,1.6896485758147302,False,False,True,False,False,False,666700.0
1.667665447055765,-0.09598014871771877,0.26863396024579794,0.6455446408294312,1.50171146710946,True,False,False,False,True,False,414100.0
-0.2781066743240044,0.9250852631729081,1.330428269517726,2.1899098102778316,0.23313598334888702,False,False,False,False,False,False,610500.0
0.5697429736363705,0.9250852631729081,0.26863396024579794,-0.8988205286189691,0.9379001409936498,False,True,False,False,False,False,551800.0
0.2974033897460683,1.946150675063535,1.330428269517726,0.6455446408294312,1.3607586355805075,True,False,False,False,True,False,377600.0
3.142409986235326,0.9250852631729081,1.330428269517726,0.6455446408294312,-1.3173451634695912,False,True,False,False,False,False,823900.0
1.128124761990072,-0.09598014871771877,0.26863396024579794,2.1899098102778316,1.2667900812278725,False,False,False,False,True,False,702400.0
-0.15307026159449452,-0.09598014871771877,0.26863396024579794,0.6455446408294312,-0.7065495601774634,False,True,False,False,False,False,426800.0
-1.0043455646981436,-0.09598014871771877,0.26863396024579794,0.6455446408294312,-0.14273823406165315,False,False,False,False,True,False,422600.0
-1.672348317636621,-0.09598014871771877,0.26863396024579794,0.6455446408294312,0.8439315866410148,False,False,False,False,True,False,367700.0
0.18778242516129257,0.9250852631729081,1.330428269517726,0.6455446408294312,-0.3776596199432407,True,False,False,False,True,False,357400.0
-0.7988062561016891,-2.138110972498972,-1.8549546582980583,-0.8988205286189691,0.04519887464361694,False,True,False,False,True,False,285500.0
-1.4839372847565375,1.946150675063535,1.330428269517726,-0.8988205286189691,-0.8944866688827334,False,True,False,False,True,False,315100.0
-0.6857596363736391,-0.09598014871771877,-0.7931603490261302,-0.8988205286189691,1.595680021462095,True,False,False,False,True,False,281700.0
-1.1328076325709278,-0.09598014871771877,-0.7931603490261302,0.6455446408294312,1.3137743584041899,True,False,False,False,True,False,246600.0
1.7121989639183302,-0.09598014871771877,-0.7931603490261302,0.6455446408294312,-1.6932193808801312,False,True,False,False,False,False,630600.0
0.8831904192459636,0.9250852631729081,1.330428269517726,-0.8988205286189691,-1.5522665493511787,False,True,False,False,True,False,458800.0
-0.029746676436621815,-0.09598014871771877,-0.7931603490261302,0.6455446408294312,-1.5522665493511787,False,False,True,False,True,False,370400.0
1.49809551746369,-0.09598014871771877,0.26863396024579794,-0.8988205286189691,-0.4716281742958758,False,False,True,False,True,False,523900.0
0.05760752971687136,-1.1170455606083456,-1.8549546582980583,-0.8988205286189691,0.28012026052520456,False,False,True,False,True,False,418900.0
-0.9067143931148278,-0.09598014871771877,-0.7931603490261302,2.1899098102778316,1.0318686953462848,True,False,False,False,False,False,303100.0
1.5426290343262552,-1.1170455606083456,-1.8549546582980583,-0.8988205286189691,-0.23670678841428816,False,False,True,False,True,False,520100.0
0.5320607670603539,0.9250852631729081,0.26863396024579794,-0.8988205286189691,-0.18972251123797065,False,True,False,True,False,False,369000.0
-1.0882741157083626,-0.09598014871771877,0.26863396024579794,0.6455446408294312,-0.42464389711955824,False,False,True,False,True,False,352600.0
-0.21815770931670514,-0.09598014871771877,0.26863396024579794,0.6455446408294312,0.8439315866410148,False,True,False,False,True,False,441000.0
-0.9221298412595619,-2.138110972498972,-1.8549546582980583,-0.8988205286189691,1.0788529725226024,False,False,True,False,False,False,398400.0
-1.4428294230372467,-1.1170455606083456,-0.7931603490261302,0.6455446408294312,1.5486957442857776,False,True,False,False,True,False,282500.0
0.9294367636801659,0.9250852631729081,1.330428269517726,0.6455446408294312,1.1728215268752373,False,False,False,False,False,False,786000.0
1.9400050309460672,-1.1170455606083456,-0.7931603490261302,-0.8988205286189691,-0.14273823406165315,False,True,False,False,True,False,513200.0
-1.4599576987536178,-1.1170455606083456,-1.8549546582980583,-0.8988205286189691,0.8909158638173322,False,True,False,False,False,False,314600.0
0.5560403530632736,-2.138110972498972,-1.8549546582980583,0.6455446408294312,-1.129408054764321,False,True,False,False,False,True,233700.0
-0.6908981190885505,1.946150675063535,1.330428269517726,-0.8988205286189691,0.8909158638173322,False,True,False,False,False,False,484400.0
-0.5230410170681127,0.9250852631729081,0.26863396024579794,2.1899098102778316,-0.8944866688827334,False,True,False,False,False,False,416400.0
-0.6309491540812513,-0.09598014871771877,-0.7931603490261302,0.6455446408294312,0.7969473094646973,False,False,True,False,False,False,466000.0
-0.910140048258102,-0.09598014871771877,-0.7931603490261302,2.1899098102778316,0.28012026052520456,False,False,False,False,False,True,331000.0
0.0284894609990403,-0.09598014871771877,0.26863396024579794,-0.8988205286189691,0.09218315181993446,False,False,True,True,False,False,361800.0
-0.8758834968253596,0.9250852631729081,0.26863396024579794,2.1899098102778316,1.12583724969892,False,False,True,False,True,False,392500.0
0.2562955280267774,-0.09598014871771877,-0.7931603490261302,-0.8988205286189691,0.23313598334888702,False,False,True,False,False,True,313900.0
-0.07428019329918696,-1.1170455606083456,-0.7931603490261302,-0.8988205286189691,-0.8944866688827334,False,True,False,True,False,False,299500.0
-0.2678297088941816,-1.1170455606083456,-0.7931603490261302,-0.8988205286189691,-0.6595652830011458,True,False,False,True,False,False,204000.0
-0.9546735651206671,-1.1170455606083456,-1.8549546582980583,-0.8988205286189691,0.7969473094646973,False,True,False,False,True,False,292200.0
-0.6155337059365172,-0.09598014871771877,0.26863396024579794,0.6455446408294312,-0.33067534276692323,False,False,False,False,True,False,431800.0
0.7547283513731796,0.9250852631729081,1.330428269517726,-0.8988205286189691,0.9848844181699673,False,True,False,False,False,True,337000.0
0.4926657329127001,-0.09598014871771877,0.26863396024579794,-0.8988205286189691,1.4547271899331424,False,False,False,True,False,False,472000.0
-1.0266123231294262,-2.138110972498972,-1.8549546582980583,0.6455446408294312,1.407742912756825,True,False,False,False,True,False,202600.0
0.07987428814815394,-1.1170455606083456,-0.7931603490261302,-0.8988205286189691,1.595680021462095,False,False,False,False,True,False,487500.0
0.7495898686582683,1.946150675063535,1.330428269517726,0.6455446408294312,-0.8944866688827334,False,False,True,True,False,False,429600.0
-1.7374357653588315,-0.09598014871771877,0.26863396024579794,-0.8988205286189691,-1.4113137178222261,False,False,True,False,True,False,267400.0
0.5371992497752652,0.9250852631729081,1.330428269517726,0.6455446408294312,0.13916742899625198,False,False,False,False,False,False,697000.0
-0.7028879120900103,-0.09598014871771877,0.26863396024579794,0.6455446408294312,1.5486957442857776,False,True,False,False,False,False,430700.0
0.5646044909214591,-0.09598014871771877,0.26863396024579794,-0.8988205286189691,1.3137743584041899,False,False,False,False,False,False,695200.0
-0.8056575663882376,-1.1170455606083456,-1.8549546582980583,-0.8988205286189691,1.4547271899331424,False,True,False,False,False,False,380100.0
-1.8761747986614383,-1.1170455606083456,-0.7931603490261302,-0.8988205286189691,0.5620259235831097,False,False,False,False,True,False,290200.0
-1.6946150760679035,-0.09598014871771877,0.26863396024579794,0.6455446408294312,0.7029787551120622,True,False,False,False,True,False,208500.0
0.02677663342740318,0.9250852631729081,1.330428269517726,-0.8988205286189691,-0.3776596199432407,True,False,False,False,True,False,314000.0
0.24430573502531755,-0.09598014871771877,0.26863396024579794,-0.8988205286189691,-0.7535338373537809,False,False,False,False,True,False,511900.0
-0.951247909977393,-0.09598014871771877,-0.7931603490261302,-0.8988205286189691,-1.3173451634695912,False,False,False,False,True,False,357900.0
0.6348304213585811,-2.138110972498972,-1.8549546582980583,-0.8988205286189691,0.4680573692304746,False,False,True,False,True,False,444700.0
-1.728871627500646,1.946150675063535,1.330428269517726,-0.8988205286189691,0.23313598334888702,False,True,False,False,True,False,284100.0
-0.08969564144392105,0.9250852631729081,1.330428269517726,0.6455446408294312,0.6559944779357447,True,False,False,False,False,True,224900.0
-1.2664081831586231,-0.09598014871771877,0.26863396024579794,-0.8988205286189691,0.8909158638173322,False,True,False,False,True,False,350300.0
-0.6926109466601876,1.946150675063535,1.330428269517726,-0.8988205286189691,0.6559944779357447,False,True,False,False,False,True,284800.0
0.02677663342740318,-0.09598014871771877,0.26863396024579794,0.6455446408294312,1.5486957442857776,False,False,True,False,True,False,467300.0
-0.9067143931148278,-0.09598014871771877,0.26863396024579794,0.6455446408294312,-0.8005181145300984,False,True,False,False,False,True,209700.0
-0.41684570762661116,0.9250852631729081,1.330428269517726,-0.8988205286189691,-0.4716281742958758,True,False,False,False,True,False,301700.0
1.0116524871187478,0.9250852631729081,1.330428269517726,-0.8988205286189691,0.04519887464361694,True,False,False,True,False,False,325400.0
-0.6155337059365172,-0.09598014871771877,-0.7931603490261302,-0.8988205286189691,1.6426642986384126,False,False,False,False,False,False,547000.0
0.8369440748117614,-1.1170455606083456,-1.8549546582980583,2.1899098102778316,1.3137743584041899,False,False,False,False,True,False,576000.0
-1.1824796321484043,-0.09598014871771877,0.26863396024579794,-0.8988205286189691,0.7969473094646973,True,False,False,False,True,False,236500.0
0.5217838016305312,1.946150675063535,1.330428269517726,2.1899098102778316,-0.6125810058248283,True,False,False,False,True,False,354800.0
1.4587004833160364,-1.1170455606083456,-0.7931603490261302,0.6455446408294312,0.4680573692304746,False,False,False,False,True,False,675100.0
-2.4191411388704056,-0.09598014871771877,0.26863396024579794,0.6455446408294312,1.595680021462095,False,False,True,False,True,False,256300.0
-0.8416269453926172,-0.09598014871771877,-0.7931603490261302,-0.8988205286189691,1.219805804051555,False,True,False,False,True,False,362600.0
0.5714558012080077,-0.09598014871771877,-0.7931603490261302,-0.8988205286189691,0.9379001409936498,False,True,False,False,True,False,442900.0
-0.23014750231816497,-0.09598014871771877,-0.7931603490261302,-0.8988205286189691,0.8439315866410148,True,False,False,False,False,False,338400.0
0.3590651823250047,1.946150675063535,1.330428269517726,-0.8988205286189691,1.0788529725226024,False,False,False,False,False,False,801400.0
-0.6429389470827112,-1.1170455606083456,-0.7931603490261302,0.6455446408294312,1.1728215268752373,True,False,False,False,True,False,255400.0
0.06617166757505696,-1.1170455606083456,-1.8549546582980583,2.1899098102778316,-0.33067534276692323,False,False,False,True,False,False,415300.0
-0.1821883303123256,-1.1170455606083456,-0.7931603490261302,0.6455446408294312,-0.7065495601774634,False,True,False,False,True,False,357100.0
1.1777967615675484,0.9250852631729081,1.330428269517726,0.6455446408294312,-0.3776596199432407,False,False,False,False,True,False,651100.0
0.23916725231040617,-0.09598014871771877,0.26863396024579794,-0.8988205286189691,0.1861517061725695,False,True,False,False,True,False,433100.0
0.32480863089226225,-0.09598014871771877,0.26863396024579794,-0.8988205286189691,0.23313598334888702,False,False,True,False,False,False,569600.0
-0.44596377634444223,0.9250852631729081,1.330428269517726,-0.8988205286189691,1.3137743584041899,False,False,False,False,True,False,538700.0
-0.5230410170681127,0.9250852631729081,1.330428269517726,0.6455446408294312,-0.2836910655906057,False,True,False,False,False,False,459400.0
-0.4665177072040877,0.9250852631729081,0.26863396024579794,2.1899098102778316,-0.33067534276692323,False,True,False,True,False,False,336200.0
0.38304476832792433,1.946150675063535,1.330428269517726,0.6455446408294312,-0.8944866688827334,False,False,False,False,False,True,401800.0
-0.45452791420262784,-0.09598014871771877,0.26863396024579794,-0.8988205286189691,-0.9414709460590509,False,False,True,False,True,False,389600.0
0.2751366313147857,0.9250852631729081,1.330428269517726,-0.8988205286189691,0.04519887464361694,False,True,False,False,False,False,552600.0
2.1112877881097796,-0.09598014871771877,0.26863396024579794,0.6455446408294312,-1.0824237775880035,False,True,False,False,False,False,650500.0
0.8729134538161409,0.9250852631729081,1.330428269517726,-0.8988205286189691,0.8909158638173322,False,True,False,False,True,False,512700.0
-0.3568967426193119,0.9250852631729081,1.330428269517726,0.6455446408294312,-0.7065495601774634,False,True,False,False,True,False,395300.0
1.2120533130002908,0.9250852631729081,0.26863396024579794,0.6455446408294312,1.407742912756825,False,False,False,False,True,False,711100.0
-0.4408252936295309,-0.09598014871771877,0.26863396024579794,0.6455446408294312,0.8909158638173322,False,True,False,False,False,False,455100.0
-2.1159706586906353,-1.1170455606083456,-1.8549546582980583,-0.8988205286189691,-0.847502391706416,False,True,False,False,False,False,225200.0
-1.0574432194188945,-0.09598014871771877,0.26863396024579794,-0.8988205286189691,0.9379001409936498,False,False,True,False,True,False,370400.0
-1.9446879015269232,1.946150675063535,1.330428269517726,-0.8988205286189691,0.32710453770152204,False,False,True,False,True,False,337100.0
-0.38258915619386874,1.946150675063535,1.330428269517726,-0.8988205286189691,-0.09575395688533561,False,True,False,True,False,False,336700.0
-0.002341435290427879,-2.138110972498972,-1.8549546582980583,-0.8988205286189691,-1.6932193808801312,False,False,False,False,True,False,357400.0
1.7002091709168703,-1.1170455606083456,-1.8549546582980583,0.6455446408294312,0.7029787551120622,False,False,False,False,True,False,639200.0
0.3145316654624395,-1.1170455606083456,-0.7931603490261302,0.6455446408294312,1.5486957442857776,False,False,False,True,False,False,455000.0
-0.24727577803453618,0.9250852631729081,1.330428269517726,-0.8988205286189691,-0.0017854025327005785,False,False,False,False,False,False,597400.0
0.830092764525213,0.9250852631729081,0.26863396024579794,-0.8988205286189691,1.3137743584041899,False,True,False,False,True,False,523800.0
-2.294104726140896,-1.1170455606083456,-1.8549546582980583,-0.8988205286189691,0.6559944779357447,False,False,False,False,False,False,284000.0
0.22032614902239786,-0.09598014871771877,-0.7931603490261302,-0.8988205286189691,-1.6932193808801312,False,False,False,False,True,False,477900.0
0.7701437995179137,0.9250852631729081,1.330428269517726,0.6455446408294312,-0.7535338373537809,False,False,False,False,True,False,625300.0
-1.5421734221921997,0.9250852631729081,0.26863396024579794,-0.8988205286189691,0.7499630322883797,False,False,False,False,True,False,397200.0
1.1538171755646287,-0.09598014871771877,0.26863396024579794,-0.8988205286189691,-0.9884552232353685,False,False,False,True,False,False,513300.0
0.32652145846389935,-0.09598014871771877,0.26863396024579794,-0.8988205286189691,1.12583724969892,False,False,False,False,True,False,551800.0
-0.4493894314877165,-0.09598014871771877,0.26863396024579794,0.6455446408294312,0.7969473094646973,False,True,False,False,True,False,399100.0
0.6279791110720326,-0.09598014871771877,0.26863396024579794,0.6455446408294312,0.13916742899625198,False,True,False,True,False,False,359400.0
2.3116886139913224,-0.09598014871771877,0.26863396024579794,-0.8988205286189691,-0.5186124514721933,False,False,False,False,True,False,732600.0
0.16551566673000997,-0.09598014871771877,0.26863396024579794,0.6455446408294312,1.3137743584041899,False,True,False,True,False,False,347800.0
0.2323159420238577,0.9250852631729081,0.26863396024579794,0.6455446408294312,1.7366328529910475,False,True,False,False,True,False,457400.0
-0.4939229483502816,-0.09598014871771877,0.26863396024579794,2.1899098102778316,1.2667900812278725,False,False,False,False,False,True,350800.0
-0.894724600113368,0.9250852631729081,1.330428269517726,-0.8988205286189691,0.28012026052520456,False,False,False,False,True,False,460100.0
0.83180559209685,-1.1170455606083456,-0.7931603490261302,0.6455446408294312,-0.9414709460590509,False,True,False,False,True,False,420200.0
-0.9015759103999164,-0.09598014871771877,-0.7931603490261302,2.1899098102778316,1.0318686953462848,False,False,True,False,True,False,400100.0
0.05075621943032287,-2.138110972498972,-1.8549546582980583,2.1899098102778316,-0.6595652830011458,False,False,False,False,False,False,492800.0
-0.51276405163829,-1.1170455606083456,-0.7931603490261302,0.6455446408294312,-1.4113137178222261,False,False,False,False,True,False,428300.0
0.47039897448141754,0.9250852631729081,0.26863396024579794,0.6455446408294312,0.32710453770152204,True,False,False,False,True,False,320300.0
0.321382975748988,1.946150675063535,1.330428269517726,-0.8988205286189691,0.7499630322883797,False,True,False,True,False,False,372500.0
1.044196210979853,-1.1170455606083456,-0.7931603490261302,0.6455446408294312,1.595680021462095,False,False,False,False,True,False,619100.0
-0.5470206030710324,-0.09598014871771877,0.26863396024579794,0.6455446408294312,-0.14273823406165315,True,False,False,False,False,False,305500.0
-0.29866060518364984,0.9250852631729081,0.26863396024579794,0.6455446408294312,0.4210730920541571,False,False,True,False,True,False,427300.0
-1.0283251507010633,-1.1170455606083456,-0.7931603490261302,-0.8988205286189691,1.4547271899331424,False,True,False,True,False,False,267000.0
-0.4785075002055475,-0.09598014871771877,0.26863396024579794,0.6455446408294312,-0.9884552232353685,False,True,False,False,True,False,345600.0
0.3659164926115531,0.9250852631729081,0.26863396024579794,0.6455446408294312,1.595680021462095,False,False,False,False,True,False,597800.0
0.7564411789448168,-0.09598014871771877,0.26863396024579794,-0.8988205286189691,-0.847502391706416,False,False,False,False,True,False,532000.0
-0.9700890132654012,-1.1170455606083456,-0.7931603490261302,0.6455446408294312,-1.6462351037038137,False,True,False,False,True,False,306800.0
0.8712006262445038,-0.09598014871771877,0.26863396024579794,0.6455446408294312,-1.2703608862932736,False,False,False,True,False,False,503900.0
1.371346277162543,0.9250852631729081,1.330428269517726,0.6455446408294312,0.6090102007594271,False,True,False,False,False,False,677500.0
0.4035986991875698,-0.09598014871771877,0.26863396024579794,-0.8988205286189691,-1.1763923319406386,True,False,False,False,True,False,288800.0
1.907461307084962,-2.138110972498972,-1.8549546582980583,-0.8988205286189691,1.5486957442857776,True,False,False,True,False,False,300800.0
-0.8176473593896975,0.9250852631729081,1.330428269517726,2.1899098102778316,-0.7065495601774634,False,False,False,False,True,False,444400.0
-1.3006647345913656,-2.138110972498972,-1.8549546582980583,-0.8988205286189691,-0.23670678841428816,False,True,False,True,False,False,205900.0
-1.8504823850868815,0.9250852631729081,1.330428269517726,0.6455446408294312,-1.6932193808801312,False,True,False,False,False,True,172900.0
1.5152237931800614,-1.1170455606083456,-0.7931603490261302,-0.8988205286189691,0.7969473094646973,True,False,False,False,True,False,371800.0
0.6502458695033152,1.946150675063535,1.330428269517726,0.6455446408294312,0.9848844181699673,False,True,False,False,True,False,506400.0
-0.07941867601409833,-0.09598014871771877,0.26863396024579794,-0.8988205286189691,1.5486957442857776,False,False,False,False,False,False,642500.0
0.264859665884963,-0.09598014871771877,0.26863396024579794,0.6455446408294312,-0.8944866688827334,False,False,False,False,False,False,646100.0
-1.17905397700513,-1.1170455606083456,-0.7931603490261302,-0.8988205286189691,-1.4582979949985437,False,True,False,False,True,False,243900.0
2.4915355090132203,-0.09598014871771877,0.26863396024579794,-0.8988205286189691,0.37408881487783957,False,True,False,False,False,True,424100.0
0.1107051844376221,0.9250852631729081,1.330428269517726,-0.8988205286189691,-0.6595652830011458,False,False,True,False,True,False,439700.0
0.09015125357797665,1.946150675063535,1.330428269517726,-0.8988205286189691,-0.6595652830011458,False,False,True,False,True,False,486400.0
0.7238974550837114,-0.09598014871771877,-0.7931603490261302,2.1899098102778316,-0.5186124514721933,False,True,False,False,True,False,446300.0
0.47211180205305464,-0.09598014871771877,0.26863396024579794,2.1899098102778316,-1.4113137178222261,False,True,False,True,False,False,335600.0
0.208336356020938,0.9250852631729081,1.330428269517726,-0.8988205286189691,0.32710453770152204,False,False,False,False,True,False,587600.0
-0.8347756351060687,0.9250852631729081,0.26863396024579794,0.6455446408294312,-0.4716281742958758,True,False,False,False,True,False,252800.0
0.46183483662323194,-0.09598014871771877,-0.7931603490261302,-0.8988205286189691,-0.5186124514721933,True,False,False,False,True,False,299000.0
1.9125997897998734,-0.09598014871771877,0.26863396024579794,0.6455446408294312,-0.0487696797090181,True,False,False,False,False,False,494100.0
1.3610693117327204,-0.09598014871771877,0.26863396024579794,0.6455446408294312,0.8439315866410148,True,False,False,False,True,False,369100.0
1.6145677923350144,-0.09598014871771877,0.26863396024579794,2.1899098102778316,1.2667900812278725,False,False,False,True,False,False,579400.0
-0.5470206030710324,-2.138110972498972,-1.8549546582980583,-0.8988205286189691,0.9379001409936498,False,False,False,False,True,False,402100.0
-1.038602116130886,-0.09598014871771877,-0.7931603490261302,0.6455446408294312,1.50171146710946,False,True,False,False,True,False,340300.0
-0.1513574340228574,-0.09598014871771877,0.26863396024579794,-0.8988205286189691,1.12583724969892,True,False,False,False,False,True,216000.0
0.03534077128558878,0.9250852631729081,1.330428269517726,2.1899098102778316,-1.6462351037038137,False,False,False,True,False,False,417500.0
1.1024323484155152,-1.1170455606083456,-1.8549546582980583,-0.8988205286189691,0.8439315866410148,False,False,False,True,False,False,467900.0
-1.7614153513617512,-0.09598014871771877,-0.7931603490261302,0.6455446408294312,0.04519887464361694,False,False,True,True,False,False,269100.0
1.5494803446128038,-0.09598014871771877,-0.7931603490261302,0.6455446408294312,-0.3776596199432407,False,False,False,False,True,False,615700.0
-0.18390115788396272,-0.09598014871771877,-0.7931603490261302,0.6455446408294312,-0.5186124514721933,False,True,False,False,False,False,433300.0
-0.4613792244891763,-1.1170455606083456,-0.7931603490261302,-0.8988205286189691,-0.09575395688533561,False,False,True,False,True,False,372100.0
-1.0625817021338058,-0.09598014871771877,0.26863396024579794,2.1899098102778316,1.407742912756825,False,False,False,False,True,False,452400.0
-1.7220203172140973,-0.09598014871771877,0.26863396024579794,-0.8988205286189691,-0.3776596199432407,False,False,False,False,True,False,319400.0
0.8232414542386645,-0.09598014871771877,0.26863396024579794,0.6455446408294312,-0.14273823406165315,False,False,True,False,True,False,471700.0
0.05246904700195999,-0.09598014871771877,0.26863396024579794,-0.8988205286189691,0.1861517061725695,False,True,False,False,False,True,293900.0
-1.3469110790255678,-0.09598014871771877,-0.7931603490261302,-0.8988205286189691,0.1861517061725695,True,False,False,False,True,False,211400.0
-1.3537623893121165,0.9250852631729081,1.330428269517726,0.6455446408294312,-0.6595652830011458,False,True,False,False,True,False,320000.0
-0.36717370804913463,-0.09598014871771877,-0.7931603490261302,-0.8988205286189691,1.595680021462095,False,False,False,True,False,False,427500.0
1.693357860630322,0.9250852631729081,1.330428269517726,-0.8988205286189691,-1.5992508265274963,False,False,True,False,True,False,586300.0
-0.2883836397538271,-0.09598014871771877,-0.7931603490261302,-0.8988205286189691,0.9848844181699673,False,True,False,False,True,False,400600.0
-1.5661530081951194,-1.1170455606083456,-0.7931603490261302,-0.8988205286189691,-0.23670678841428816,False,False,False,False,True,False,297100.0
-0.2746810191807301,-1.1170455606083456,-0.7931603490261302,0.6455446408294312,-0.2836910655906057,False,False,True,True,False,False,298500.0
-0.30208626032692404,-0.09598014871771877,0.26863396024579794,0.6455446408294312,0.28012026052520456,False,False,False,False,True,False,488400.0
-2.4191411388704056,0.9250852631729081,1.330428269517726,-0.8988205286189691,-1.4113137178222261,False,True,False,False,True,False,187600.0
-0.0777058484424612,0.9250852631729081,0.26863396024579794,-0.8988205286189691,-1.6932193808801312,False,False,False,False,True,False,445900.0
-0.259265571035996,0.9250852631729081,0.26863396024579794,-0.8988205286189691,1.12583724969892,False,True,False,True,False,False,361800.0
0.6930665587942433,-0.09598014871771877,0.26863396024579794,-0.8988205286189691,-1.0824237775880035,False,True,False,False,True,False,423300.0
1.878343238367131,-0.09598014871771877,0.26863396024579794,0.6455446408294312,0.7029787551120622,False,True,False,True,False,False,472500.0
1.1349760722766205,-1.1170455606083456,-0.7931603490261302,0.6455446408294312,-1.4582979949985437,False,False,True,False,True,False,467500.0
-0.29866060518364984,-0.09598014871771877,0.26863396024579794,-0.8988205286189691,-1.2703608862932736,True,False,False,False,True,False,253400.0
-1.1585000461454846,-0.09598014871771877,-0.7931603490261302,-0.8988205286189691,1.595680021462095,False,False,False,True,False,False,369700.0
2.6234232320292787,-1.1170455606083456,-1.8549546582980583,-0.8988205286189691,-0.33067534276692323,False,False,False,False,False,True,467800.0
0.03876642642886303,-1.1170455606083456,-0.7931603490261302,0.6455446408294312,-0.7535338373537809,False,False,False,False,True,False,416500.0
-0.007479918005339242,-0.09598014871771877,-0.7931603490261302,2.1899098102778316,1.0788529725226024,False,False,False,False,True,False,500000.0
-0.046874952152993025,0.9250852631729081,1.330428269517726,-0.8988205286189691,1.7366328529910475,False,False,True,True,False,False,427200.0
0.18093111487474406,1.946150675063535,1.330428269517726,-0.8988205286189691,1.219805804051555,False,False,True,False,True,False,551200.0
-0.17019853731086573,1.946150675063535,1.330428269517726,0.6455446408294312,0.23313598334888702,False,False,True,False,True,False,475500.0
-0.6121080507932429,-0.09598014871771877,-0.7931603490261302,2.1899098102778316,0.6559944779357447,False,False,False,False,True,False,488500.0
-0.584702809647049,-0.09598014871771877,-0.7931603490261302,-0.8988205286189691,1.2667900812278725,False,True,False,True,False,False,297900.0
-0.05543909001117863,-0.09598014871771877,0.26863396024579794,-0.8988205286189691,0.8909158638173322,False,True,False,False,True,False,378900.0
-0.5812771545037748,0.9250852631729081,0.26863396024579794,-0.8988205286189691,0.1861517061725695,False,False,False,False,True,False,468000.0
-0.754272739239124,-1.1170455606083456,-0.7931603490261302,0.6455446408294312,-0.23670678841428816,False,True,False,False,False,False,383400.0
0.08672559843470241,-0.09598014871771877,0.26863396024579794,-0.8988205286189691,-1.035439500411686,True,False,False,False,True,False,276200.0
-0.28324515703891573,0.9250852631729081,1.330428269517726,-0.8988205286189691,1.1728215268752373,False,True,False,True,False,False,354800.0
1.523787931038247,-0.09598014871771877,-0.7931603490261302,0.6455446408294312,-0.4716281742958758,False,False,True,False,True,False,534100.0
-2.4191411388704056,-0.09598014871771877,-0.7931603490261302,-0.8988205286189691,-0.42464389711955824,False,True,False,False,True,False,198900.0
1.0990066932722409,-0.09598014871771877,-0.7931603490261302,0.6455446408294312,1.2667900812278725,False,False,False,False,True,False,628700.0
1.2582996574344931,-1.1170455606083456,-1.8549546582980583,-0.8988205286189691,1.0318686953462848,False,True,False,False,False,False,565500.0
-2.153652865266652,-0.09598014871771877,0.26863396024579794,-0.8988205286189691,0.9848844181699673,False,True,False,False,True,False,249400.0
-0.37402501833568313,-0.09598014871771877,-0.7931603490261302,0.6455446408294312,-1.6462351037038137,False,False,False,True,False,False,365400.0
-0.4031430870535142,-2.138110972498972,-1.8549546582980583,-0.8988205286189691,-0.0487696797090181,False,True,False,False,True,False,309500.0
-1.4685218366118034,-2.138110972498972,-1.8549546582980583,2.1899098102778316,1.595680021462095,True,False,False,False,False,True,135600.0
-0.8210730145329718,0.9250852631729081,1.330428269517726,0.6455446408294312,-1.129408054764321,False,True,False,False,True,False,357800.0
-1.1636385288603959,-0.09598014871771877,-0.7931603490261302,-0.8988205286189691,-1.035439500411686,False,True,False,False,True,False,287500.0
1.778999239212178,-0.09598014871771877,-0.7931603490261302,0.6455446408294312,1.0788529725226024,True,False,False,False,True,False,377400.0
0.9397137291099886,-0.09598014871771877,0.26863396024579794,-0.8988205286189691,-0.7065495601774634,False,False,True,False,True,False,487000.0
1.28399207100905,1.946150675063535,1.330428269517726,2.1899098102778316,1.219805804051555,False,False,True,False,True,False,625300.0
0.7204717999404372,-0.09598014871771877,-0.7931603490261302,-0.8988205286189691,1.7366328529910475,False,False,False,False,True,False,603900.0
-1.1824796321484043,-0.09598014871771877,0.26863396024579794,0.6455446408294312,-0.5655967286485108,True,False,False,False,True,False,219600.0
-0.5607232236441293,0.9250852631729081,0.26863396024579794,-0.8988205286189691,0.5150416464067922,False,False,False,False,True,False,481200.0
0.48067593991124025,0.9250852631729081,0.26863396024579794,-0.8988205286189691,0.28012026052520456,False,True,False,False,True,False,463100.0
-1.278397976160083,-1.1170455606083456,-0.7931603490261302,0.6455446408294312,0.04519887464361694,False,False,False,False,False,True,262600.0
0.7101948345106145,0.9250852631729081,1.330428269517726,0.6455446408294312,0.1861517061725695,False,True,False,True,False,False,421000.0
-0.26954253646581877,-0.09598014871771877,-0.7931603490261302,-0.8988205286189691,0.37408881487783957,False,True,False,True,False,False,326500.0
-0.40656874219678846,-0.09598014871771877,-0.7931603490261302,-0.8988205286189691,0.13916742899625198,False,True,False,True,False,False,316900.0
0.7084820069389773,-1.1170455606083456,-0.7931603490261302,0.6455446408294312,-0.9414709460590509,False,True,False,False,True,False,397000.0
0.43442959547703797,-1.1170455606083456,-1.8549546582980583,2.1899098102778316,0.9379001409936498,False,False,False,False,False,False,661300.0
-0.39286612162369144,0.9250852631729081,1.330428269517726,-0.8988205286189691,-1.6462351037038137,False,True,False,False,True,False,347800.0
1.1692326237093629,-0.09598014871771877,0.26863396024579794,-0.8988205286189691,1.1728215268752373,True,False,False,True,False,False,352600.0
-1.1328076325709278,-0.09598014871771877,-0.7931603490261302,-0.8988205286189691,-1.3173451634695912,True,False,False,False,True,False,168400.0
0.6108508353556614,0.9250852631729081,0.26863396024579794,0.6455446408294312,1.4547271899331424,False,False,False,False,True,False,646700.0
0.5868712493527417,0.9250852631729081,1.330428269517726,-0.8988205286189691,-0.9414709460590509,False,False,True,True,False,False,423100.0
-0.3397684669029407,-1.1170455606083456,-1.8549546582980583,-0.8988205286189691,0.6090102007594271,False,False,True,False,False,False,451100.0
0.3128188378908024,-0.09598014871771877,0.26863396024579794,0.6455446408294312,0.13916742899625198,False,True,False,False,True,False,449200.0
-1.3075160448779142,-1.1170455606083456,-0.7931603490261302,-0.8988205286189691,0.9848844181699673,False,False,False,False,False,False,436400.0
0.9277239361085289,0.9250852631729081,1.330428269517726,-0.8988205286189691,-0.7535338373537809,False,False,True,False,True,False,537400.0
-0.21130639903015663,-0.09598014871771877,-0.7931603490261302,-0.8988205286189691,-0.8944866688827334,True,False,False,False,True,False,222900.0
-0.5590103960724923,1.946150675063535,1.330428269517726,-0.8988205286189691,0.8439315866410148,False,True,False,True,False,False,344100.0
1.056186003981313,-1.1170455606083456,-0.7931603490261302,-0.8988205286189691,-0.3776596199432407,False,True,False,False,True,False,429400.0
-0.7457086013809384,-1.1170455606083456,-0.7931603490261302,0.6455446408294312,-0.6125810058248283,False,True,False,True,False,False,260700.0
-1.4702346641834405,-0.09598014871771877,-0.7931603490261302,-0.8988205286189691,1.7366328529910475,False,False,False,False,False,False,488700.0
-1.6209634904875072,-0.09598014871771877,0.26863396024579794,0.6455446408294312,-0.9414709460590509,False,False,True,False,True,False,275300.0
0.6005738699258387,-1.1170455606083456,-1.8549546582980583,0.6455446408294312,-0.8944866688827334,False,False,True,False,False,False,505300.0
-1.3383469411673823,1.946150675063535,1.330428269517726,0.6455446408294312,0.23313598334888702,False,False,False,False,True,False,454800.0
1.780712066783815,-1.1170455606083456,-0.7931603490261302,-0.8988205286189691,0.37408881487783957,True,False,False,False,False,False,435700.0
-2.1622170031248373,-0.09598014871771877,0.26863396024579794,-0.8988205286189691,-0.9414709460590509,False,True,False,True,False,False,182100.0
1.720763101776516,0.9250852631729081,0.26863396024579794,-0.8988205286189691,1.6896485758147302,True,False,False,False,True,False,437200.0
0.19463373544784104,-0.09598014871771877,-0.7931603490261302,-0.8988205286189691,-1.0824237775880035,False,True,False,False,True,False,392600.0
-0.12223936530502635,0.9250852631729081,1.330428269517726,-0.8988205286189691,0.5620259235831097,False,False,False,False,True,False,522900.0
-0.5812771545037748,-1.1170455606083456,-0.7931603490261302,0.6455446408294312,-0.3776596199432407,False,True,False,False,True,False,300600.0
0.3881832510428357,-0.09598014871771877,0.26863396024579794,-0.8988205286189691,-1.5522665493511787,False,True,False,True,False,False,337300.0
-0.06057757272608999,-2.138110972498972,-1.8549546582980583,-0.8988205286189691,-0.8005181145300984,False,False,False,True,False,False,340900.0
1.1109964862737007,-1.1170455606083456,-0.7931603490261302,-0.8988205286189691,0.4680573692304746,False,True,False,False,False,False,553600.0
0.09528973629288802,1.946150675063535,1.330428269517726,0.6455446408294312,-1.3173451634695912,False,True,False,False,True,False,438300.0
0.13297194286890468,-1.1170455606083456,-0.7931603490261302,-0.8988205286189691,-0.4716281742958758,False,False,True,True,False,False,372200.0
-0.3962917767669657,-0.09598014871771877,0.26863396024579794,0.6455446408294312,-1.035439500411686,False,False,False,False,True,False,447500.0
-0.08113150358573544,-0.09598014871771877,0.26863396024579794,-0.8988205286189691,-0.847502391706416,False,True,False,False,False,False,460400.0
0.2939777346027941,-0.09598014871771877,-0.7931603490261302,0.6455446408294312,0.7029787551120622,False,False,False,True,False,False,470500.0
-1.7802564546497595,0.9250852631729081,1.330428269517726,0.6455446408294312,-0.5186124514721933,False,False,True,False,False,False,321000.0
-1.4068600440328671,-2.138110972498972,-1.8549546582980583,-0.8988205286189691,-0.5186124514721933,False,False,False,False,False,False,330100.0
0.7410257308000826,-0.09598014871771877,-0.7931603490261302,-0.8988205286189691,-0.5186124514721933,True,False,False,False,False,False,387500.0
0.15352587372855014,1.946150675063535,1.330428269517726,-0.8988205286189691,0.4210730920541571,False,False,True,False,False,False,613700.0
-0.21130639903015663,-0.09598014871771877,0.26863396024579794,-0.8988205286189691,0.5620259235831097,False,True,False,False,True,False,373800.0
-0.002341435290427879,1.946150675063535,1.330428269517726,0.6455446408294312,0.7499630322883797,False,True,False,False,True,False,458600.0
0.33508559632208496,-1.1170455606083456,-0.7931603490261302,0.6455446408294312,-1.5992508265274963,False,False,False,False,False,True,326900.0
-0.5761386717888635,-0.09598014871771877,0.26863396024579794,0.6455446408294312,1.3607586355805075,False,True,False,True,False,False,312700.0
-0.8210730145329718,-0.09598014871771877,0.26863396024579794,0.6455446408294312,0.23313598334888702,True,False,False,False,True,False,243700.0
0.17921828730310696,0.9250852631729081,0.26863396024579794,-0.8988205286189691,-0.847502391706416,True,False,False,False,True,False,322900.0
-1.0283251507010633,1.946150675063535,1.330428269517726,-0.8988205286189691,-0.9414709460590509,False,False,False,True,False,False,387600.0
0.3967473889010213,-0.09598014871771877,0.26863396024579794,0.6455446408294312,-0.18972251123797065,False,True,False,False,True,False,400700.0
-1.771692316791574,-0.09598014871771877,0.26863396024579794,-0.8988205286189691,0.5620259235831097,False,False,True,True,False,False,247300.0
1.0356320731216675,-1.1170455606083456,-0.7931603490261302,0.6455446408294312,0.8909158638173322,False,True,False,False,False,False,582200.0
0.46354766419486904,-0.09598014871771877,0.26863396024579794,-0.8988205286189691,1.219805804051555,False,False,False,False,True,False,574700.0
0.2408800798820433,-0.09598014871771877,-0.7931603490261302,-0.8988205286189691,-1.5992508265274963,False,False,False,False,True,False,470800.0
0.9876729011158281,1.946150675063535,1.330428269517726,2.1899098102778316,0.5620259235831097,False,True,False,False,True,False,520700.0
1.6899322054870476,-0.09598014871771877,0.26863396024579794,-0.8988205286189691,0.8439315866410148,False,False,True,True,False,False,505000.0
1.0202166249769333,-0.09598014871771877,0.26863396024579794,2.1899098102778316,-0.5186124514721933,False,True,False,False,False,False,530100.0
-1.9138570052374548,-1.1170455606083456,-0.7931603490261302,2.1899098102778316,1.6426642986384126,False,True,False,False,True,False,267500.0
-1.3366341135957451,-1.1170455606083456,-1.8549546582980583,0.6455446408294312,0.7029787551120622,True,False,False,False,True,False,220500.0
-0.6634928779423566,-1.1170455606083456,-0.7931603490261302,0.6455446408294312,-1.4113137178222261,False,True,False,True,False,False,252600.0
0.004509874996120605,-0.09598014871771877,0.26863396024579794,0.6455446408294312,0.4210730920541571,True,False,False,False,True,False,283600.0
0.5097940086290713,0.9250852631729081,1.330428269517726,0.6455446408294312,0.4210730920541571,False,True,False,False,False,True,346100.0
-0.767975359812221,-0.09598014871771877,-0.7931603490261302,-0.8988205286189691,-0.9884552232353685,False,False,False,False,True,False,387700.0
0.17065414944492135,-0.09598014871771877,0.26863396024579794,-0.8988205286189691,-0.6125810058248283,True,False,False,False,True,False,298100.0
-0.7988062561016891,-1.1170455606083456,-0.7931603490261302,0.6455446408294312,1.12583724969892,False,True,False,False,False,False,392000.0
-0.6497902573692597,0.9250852631729081,0.26863396024579794,-0.8988205286189691,0.7969473094646973,False,False,False,False,True,False,473000.0
-1.4668090090401664,0.9250852631729081,0.26863396024579794,-0.8988205286189691,1.1728215268752373,False,True,False,True,False,False,267600.0
-0.9700890132654012,-1.1170455606083456,-0.7931603490261302,-0.8988205286189691,-1.6932193808801312,False,False,False,True,False,False,316900.0
-1.4119985267477784,0.9250852631729081,1.330428269517726,0.6455446408294312,0.5620259235831097,False,True,False,False,True,False,306200.0
-1.024899495557789,-0.09598014871771877,0.26863396024579794,0.6455446408294312,-0.5655967286485108,True,False,False,True,False,False,174200.0
1.0613244866962244,-1.1170455606083456,-0.7931603490261302,-0.8988205286189691,-1.2703608862932736,True,False,False,False,False,True,196900.0
-0.9974942544115952,-0.09598014871771877,0.26863396024579794,2.1899098102778316,-0.9884552232353685,True,False,False,False,False,False,260300.0
2.683372197036578,-0.09598014871771877,0.26863396024579794,0.6455446408294312,0.9848844181699673,False,False,False,False,False,True,554600.0
0.4841015950545145,-1.1170455606083456,-0.7931603490261302,0.6455446408294312,1.6426642986384126,False,True,False,False,False,False,521700.0
0.1672284943016471,1.946150675063535,1.330428269517726,0.6455446408294312,-0.3776596199432407,False,False,False,True,False,False,481300.0
-0.9050015655431907,0.9250852631729081,1.330428269517726,0.6455446408294312,-1.4582979949985437,True,False,False,False,False,False,274600.0
0.6982050415091546,-0.09598014871771877,-0.7931603490261302,-0.8988205286189691,-0.9884552232353685,False,True,False,False,True,False,403500.0
-0.6138208783648801,-0.09598014871771877,0.26863396024579794,0.6455446408294312,-0.8005181145300984,False,True,False,False,True,False,338800.0
0.10385387415107362,-0.09598014871771877,0.26863396024579794,-0.8988205286189691,1.595680021462095,False,False,True,True,False,False,393000.0
2.6097206114561815,-0.09598014871771877,0.26863396024579794,0.6455446408294312,0.28012026052520456,False,True,False,False,False,False,707500.0
-0.12052653773338923,-0.09598014871771877,-0.7931603490261302,2.1899098102778316,-0.5186124514721933,False,True,False,False,False,False,475300.0
1.1589556582795402,-1.1170455606083456,-0.7931603490261302,-0.8988205286189691,1.595680021462095,True,False,False,False,True,False,345900.0
-0.7439957738093013,-0.09598014871771877,0.26863396024579794,-0.8988205286189691,-0.18972251123797065,True,False,False,False,True,False,230300.0
-0.05715191758281575,0.9250852631729081,1.330428269517726,0.6455446408294312,-0.5186124514721933,False,True,False,False,True,False,381200.0
1.7978403425001863,-0.09598014871771877,0.26863396024579794,-0.8988205286189691,0.37408881487783957,False,True,False,False,False,True,376600.0
-0.6669185330856309,-1.1170455606083456,-0.7931603490261302,0.6455446408294312,1.219805804051555,True,False,False,False,True,False,296200.0
1.8406610317911143,0.9250852631729081,1.330428269517726,-0.8988205286189691,1.407742912756825,False,False,False,False,False,False,916300.0
0.7050563517957031,-1.1170455606083456,-0.7931603490261302,-0.8988205286189691,0.7029787551120622,False,True,False,False,True,False,453500.0
-0.6001182577917831,-0.09598014871771877,-0.7931603490261302,2.1899098102778316,1.4547271899331424,False,False,False,True,False,False,445700.0
0.6279791110720326,-1.1170455606083456,-0.7931603490261302,0.6455446408294312,-0.5186124514721933,False,True,False,False,True,False,380300.0
0.9773959356860054,-0.09598014871771877,0.26863396024579794,0.6455446408294312,-1.6462351037038137,False,False,False,False,True,False,569300.0
0.6177021456422099,0.9250852631729081,0.26863396024579794,-0.8988205286189691,-1.0824237775880035,False,True,False,True,False,False,376100.0
-1.6363789386322414,-0.09598014871771877,0.26863396024579794,0.6455446408294312,-0.33067534276692323,False,False,False,True,False,False,312900.0
-0.7696881873838581,-1.1170455606083456,-0.7931603490261302,0.6455446408294312,0.5620259235831097,False,True,False,True,False,False,283200.0
-0.2763938467523672,0.9250852631729081,1.330428269517726,0.6455446408294312,-1.1763923319406386,True,False,False,False,True,False,281400.0
-0.09825977930210665,0.9250852631729081,1.330428269517726,0.6455446408294312,0.32710453770152204,False,False,True,True,False,False,399400.0
0.6159893180705728,0.9250852631729081,0.26863396024579794,0.6455446408294312,-0.18972251123797065,False,False,True,False,True,False,502300.0
0.16037718401509862,-1.1170455606083456,-1.8549546582980583,-0.8988205286189691,-1.129408054764321,False,True,False,False,True,False,321700.0
-1.3948702510314073,-0.09598014871771877,0.26863396024579794,-0.8988205286189691,-0.5186124514721933,False,False,False,False,True,False,420900.0
0.3693421477548274,1.946150675063535,1.330428269517726,0.6455446408294312,-0.7535338373537809,False,False,False,False,False,False,696800.0
0.6057123526407501,0.9250852631729081,0.26863396024579794,-0.8988205286189691,-0.42464389711955824,True,False,False,True,False,False,277800.0
0.5526146979199993,-2.138110972498972,-1.8549546582980583,0.6455446408294312,0.5150416464067922,False,True,False,False,True,False,374900.0
1.0887297278424182,-1.1170455606083456,-1.8549546582980583,-0.8988205286189691,0.13916742899625198,False,False,False,False,False,False,713200.0
0.8352312472401243,-0.09598014871771877,0.26863396024579794,0.6455446408294312,1.3607586355805075,False,False,True,False,True,False,566600.0
0.4498450436217721,1.946150675063535,1.330428269517726,0.6455446408294312,1.6896485758147302,False,True,False,True,False,False,420300.0
-0.09483412415883241,-0.09598014871771877,-0.7931603490261302,-0.8988205286189691,-0.6595652830011458,False,True,False,False,False,False,445300.0
-1.728871627500646,-0.09598014871771877,0.26863396024579794,-0.8988205286189691,0.5150416464067922,True,False,False,False,False,False,253300.0
0.4190141473323039,-1.1170455606083456,-0.7931603490261302,-0.8988205286189691,-1.6462351037038137,True,False,False,False,True,False,257800.0
0.1912080803045668,-0.09598014871771877,0.26863396024579794,0.6455446408294312,-0.8005181145300984,False,True,False,False,True,False,380000.0
0.2562955280267774,0.9250852631729081,1.330428269517726,0.6455446408294312,1.0318686953462848,True,False,False,False,True,False,346200.0
-1.334921286024108,-0.09598014871771877,0.26863396024579794,-0.8988205286189691,0.4210730920541571,False,False,True,True,False,False,292100.0
-1.1328076325709278,0.9250852631729081,1.330428269517726,0.6455446408294312,-1.5992508265274963,False,False,True,False,True,False,333100.0
1.0596116591245872,1.946150675063535,1.330428269517726,-0.8988205286189691,0.8439315866410148,False,False,False,False,True,False,702800.0
-0.062290400297727117,-1.1170455606083456,-0.7931603490261302,-0.8988205286189691,-1.1763923319406386,False,False,False,False,False,False,502800.0
0.6776511106495091,-0.09598014871771877,-0.7931603490261302,2.1899098102778316,0.13916742899625198,False,True,False,False,False,True,325600.0
0.006222702567757726,-0.09598014871771877,0.26863396024579794,-0.8988205286189691,1.3607586355805075,True,False,False,False,True,False,306600.0
0.007935530139394848,0.9250852631729081,1.330428269517726,-0.8988205286189691,-0.9884552232353685,False,True,False,True,False,False,328100.0
0.9414265566816258,-0.09598014871771877,-0.7931603490261302,-0.8988205286189691,-0.14273823406165315,False,False,False,False,True,False,526600.0
-0.5521590857859437,-0.09598014871771877,0.26863396024579794,-0.8988205286189691,0.32710453770152204,False,False,False,False,True,False,431900.0
0.07644863300487968,0.9250852631729081,1.330428269517726,-0.8988205286189691,-1.4582979949985437,False,False,True,True,False,False,351200.0
-0.49734860349355586,-0.09598014871771877,0.26863396024579794,-0.8988205286189691,1.2667900812278725,False,False,False,False,True,False,477300.0
-0.4682305347757248,1.946150675063535,1.330428269517726,0.6455446408294312,-0.7065495601774634,False,True,False,False,True,False,368800.0
-0.3397684669029407,-0.09598014871771877,-0.7931603490261302,-0.8988205286189691,-0.8944866688827334,False,False,False,False,False,False,474900.0
0.20662352844930088,-1.1170455606083456,-1.8549546582980583,0.6455446408294312,-1.1763923319406386,False,False,False,False,True,False,476500.0
-0.514476879209927,-0.09598014871771877,0.26863396024579794,-0.8988205286189691,0.7029787551120622,False,False,True,False,False,False,505400.0
1.2685766228643158,0.9250852631729081,1.330428269517726,-0.8988205286189691,0.6559944779357447,False,False,True,False,True,False,581000.0
-0.9409709445475702,-0.09598014871771877,0.26863396024579794,0.6455446408294312,1.595680021462095,False,True,False,True,False,False,298800.0
-0.2147320541734309,0.9250852631729081,0.26863396024579794,2.1899098102778316,0.5150416464067922,False,False,False,False,True,False,526200.0
-0.47336901749063615,1.946150675063535,1.330428269517726,-0.8988205286189691,-0.847502391706416,False,False,True,False,True,False,388500.0
1.4655517936025848,-0.09598014871771877,0.26863396024579794,0.6455446408294312,-1.4582979949985437,False,False,False,False,True,False,650500.0
0.17921828730310696,1.946150675063535,1.330428269517726,0.6455446408294312,-0.4716281742958758,False,True,False,False,True,False,446800.0
1.0390577282649418,-1.1170455606083456,-0.7931603490261302,0.6455446408294312,0.7499630322883797,True,False,False,False,True,False,337600.0
-1.549024732478748,-1.1170455606083456,-0.7931603490261302,0.6455446408294312,0.5150416464067922,False,False,False,False,True,False,317300.0
0.25286987288350316,-1.1170455606083456,-1.8549546582980583,-0.8988205286189691,-1.4113137178222261,True,False,False,True,False,False,213200.0
0.8917545571041493,0.9250852631729081,1.330428269517726,-0.8988205286189691,1.0318686953462848,False,False,False,False,True,False,671700.0
0.06274601243178272,-0.09598014871771877,0.26863396024579794,0.6455446408294312,1.50171146710946,False,True,False,False,True,False,391700.0
1.073314279697684,-1.1170455606083456,-1.8549546582980583,-0.8988205286189691,-1.223376609116956,False,True,False,False,True,False,429400.0
-0.5538719133575808,-0.09598014871771877,-0.7931603490261302,2.1899098102778316,-1.035439500411686,True,False,False,False,True,False,236300.0
1.4261567594549311,-0.09598014871771877,0.26863396024579794,-0.8988205286189691,1.2667900812278725,False,True,False,False,True,False,548000.0
2.340806682709154,-1.1170455606083456,-0.7931603490261302,-0.8988205286189691,-1.5992508265274963,False,True,False,False,True,False,513500.0
-0.3945789491953286,0.9250852631729081,1.330428269517726,0.6455446408294312,1.50171146710946,True,False,False,False,True,False,338000.0
-0.48022032777718465,0.9250852631729081,1.330428269517726,-0.8988205286189691,-0.6595652830011458,False,True,False,False,True,False,350900.0
1.4724031038891332,-0.09598014871771877,0.26863396024579794,0.6455446408294312,0.7499630322883797,False,True,False,False,True,False,494700.0
1.6008651717619173,1.946150675063535,1.330428269517726,0.6455446408294312,-0.0017854025327005785,False,True,False,False,True,False,582200.0
-0.5590103960724923,-0.09598014871771877,0.26863396024579794,2.1899098102778316,-1.3173451634695912,False,False,True,False,True,False,312400.0
-0.45452791420262784,1.946150675063535,1.330428269517726,0.6455446408294312,-1.035439500411686,False,False,False,False,False,False,601400.0
-0.3123632257567468,-0.09598014871771877,0.26863396024579794,0.6455446408294312,-1.5992508265274963,False,False,False,False,True,False,418700.0
-1.4034343888895928,-0.09598014871771877,0.26863396024579794,0.6455446408294312,1.5486957442857776,False,True,False,False,True,False,304800.0
-0.966663358122127,-1.1170455606083456,-0.7931603490261302,2.1899098102778316,-0.9414709460590509,False,True,False,False,True,False,285700.0
-1.0540175642756202,0.9250852631729081,0.26863396024579794,-0.8988205286189691,-0.5186124514721933,True,False,False,False,True,False,207600.0
-0.810796049103149,-0.09598014871771877,-0.7931603490261302,-0.8988205286189691,-0.7535338373537809,True,False,False,False,True,False,219000.0
-0.05715191758281575,-1.1170455606083456,-1.8549546582980583,-0.8988205286189691,1.6426642986384126,False,False,True,False,True,False,415800.0
0.21861332145076073,-2.138110972498972,-1.8549546582980583,-0.8988205286189691,-0.7535338373537809,False,False,True,False,True,False,365500.0
1.5717471030440864,-0.09598014871771877,-0.7931603490261302,0.6455446408294312,-1.223376609116956,False,False,True,True,False,False,428400.0
-1.0488790815607087,-0.09598014871771877,0.26863396024579794,0.6455446408294312,0.04519887464361694,False,False,False,False,False,False,488700.0
0.9893857286874652,0.9250852631729081,1.330428269517726,0.6455446408294312,1.6426642986384126,False,False,True,False,True,False,607600.0
-0.24213729531962483,0.9250852631729081,1.330428269517726,-0.8988205286189691,-0.09575395688533561,False,False,False,False,True,False,513600.0
-0.07256736572754983,-1.1170455606083456,-1.8549546582980583,0.6455446408294312,-1.0824237775880035,False,True,False,False,True,False,330000.0
0.6707998003629607,0.9250852631729081,0.26863396024579794,-0.8988205286189691,-1.0824237775880035,False,False,True,False,False,True,325600.0
-1.1756283218618557,-1.1170455606083456,-0.7931603490261302,0.6455446408294312,-1.2703608862932736,False,True,False,False,False,True,157300.0
0.3710549753264645,0.9250852631729081,1.330428269517726,0.6455446408294312,-1.1763923319406386,True,False,False,False,True,False,322200.0
0.14838739101363876,0.9250852631729081,1.330428269517726,-0.8988205286189691,0.04519887464361694,False,False,False,False,True,False,555800.0
0.4841015950545145,-0.09598014871771877,-0.7931603490261302,-0.8988205286189691,-0.14273823406165315,False,True,False,False,False,False,552600.0
0.2751366313147857,0.9250852631729081,1.330428269517726,-0.8988205286189691,0.1861517061725695,False,False,False,False,True,False,594900.0
2.501812474443043,-0.09598014871771877,0.26863396024579794,0.6455446408294312,-1.2703608862932736,False,True,False,False,True,False,606500.0
-0.6771954985154536,-0.09598014871771877,0.26863396024579794,2.1899098102778316,-0.9414709460590509,False,False,True,False,True,False,357700.0
-0.5675745339306778,0.9250852631729081,1.330428269517726,0.6455446408294312,-0.9414709460590509,False,True,False,True,False,False,282900.0
-0.6617800503707195,-0.09598014871771877,-0.7931603490261302,-0.8988205286189691,1.407742912756825,False,True,False,True,False,False,312300.0
-0.5932669475052347,-0.09598014871771877,0.26863396024579794,-0.8988205286189691,1.1728215268752373,False,False,False,False,True,False,523600.0
-0.6771954985154536,-0.09598014871771877,-0.7931603490261302,0.6455446408294312,-1.6932193808801312,False,False,False,False,False,False,439600.0
1.200063519998831,0.9250852631729081,1.330428269517726,0.6455446408294312,-1.1763923319406386,False,True,False,False,True,False,497700.0
1.4381465524563908,-0.09598014871771877,0.26863396024579794,-0.8988205286189691,-1.5522665493511787,True,False,False,False,True,False,332900.0
-0.6086823956499687,-1.1170455606083456,-0.7931603490261302,-0.8988205286189691,0.23313598334888702,False,False,False,False,False,False,512100.0
-0.8775963243969968,0.9250852631729081,0.26863396024579794,0.6455446408294312,-1.129408054764321,False,False,True,True,False,False,287200.0
0.46183483662323194,0.9250852631729081,1.330428269517726,-0.8988205286189691,-1.5522665493511787,True,False,False,False,True,False,303500.0
-0.5898412923619604,-1.1170455606083456,-0.7931603490261302,-0.8988205286189691,1.50171146710946,False,True,False,False,True,False,332500.0
0.6279791110720326,-1.1170455606083456,-0.7931603490261302,-0.8988205286189691,-0.847502391706416,False,False,True,False,True,False,470400.0
0.18606959758965544,-1.1170455606083456,-1.8549546582980583,0.6455446408294312,-1.6462351037038137,False,False,True,False,True,False,371900.0
-1.5798556287682164,-0.09598014871771877,0.26863396024579794,0.6455446408294312,-1.1763923319406386,False,True,False,False,True,False,277800.0
1.568321447900812,-0.09598014871771877,-0.7931603490261302,2.1899098102778316,1.7366328529910475,False,True,False,False,True,False,510400.0
1.8235327560747432,0.9250852631729081,1.330428269517726,0.6455446408294312,-1.4582979949985437,False,False,False,True,False,False,565500.0
-0.6515030849408967,-0.09598014871771877,0.26863396024579794,0.6455446408294312,-1.3643294406459086,True,False,False,False,True,False,246000.0
-0.4202713627698854,-0.09598014871771877,0.26863396024579794,-0.8988205286189691,0.6559944779357447,True,False,False,True,False,False,206900.0
0.27171097617151146,-0.09598014871771877,0.26863396024579794,0.6455446408294312,-1.223376609116956,False,False,True,False,False,False,507600.0
0.321382975748988,0.9250852631729081,1.330428269517726,-0.8988205286189691,1.219805804051555,False,False,False,False,True,False,635100.0
0.6553843522182266,-0.09598014871771877,0.26863396024579794,0.6455446408294312,0.9379001409936498,False,True,False,False,False,False,577200.0
2.0444875128159317,1.946150675063535,1.330428269517726,-0.8988205286189691,-1.1763923319406386,False,False,False,False,True,False,709800.0
-0.20445508874360815,-0.09598014871771877,-0.7931603490261302,-0.8988205286189691,1.6896485758147302,False,False,False,True,False,False,433600.0
-0.8416269453926172,-1.1170455606083456,-0.7931603490261302,-0.8988205286189691,-1.6462351037038137,False,True,False,False,False,True,183000.0
-1.4394037678939724,-0.09598014871771877,-0.7931603490261302,-0.8988205286189691,-1.3643294406459086,True,False,False,False,True,False,190800.0
-0.7731138425271323,-0.09598014871771877,0.26863396024579794,-0.8988205286189691,-1.223376609116956,True,False,False,True,False,False,181300.0
-0.05543909001117863,-0.09598014871771877,0.26863396024579794,-0.8988205286189691,0.7499630322883797,False,False,True,False,True,False,427800.0
1.821819928503106,-1.1170455606083456,-0.7931603490261302,2.1899098102778316,-1.2703608862932736,False,False,False,False,False,True,432000.0
-0.5538719133575808,-1.1170455606083456,-0.7931603490261302,-0.8988205286189691,-1.3643294406459086,False,True,False,False,True,False,282400.0
0.208336356020938,0.9250852631729081,1.330428269517726,0.6455446408294312,-0.0487696797090181,False,True,False,False,True,False,435100.0
-0.03831081429480742,-1.1170455606083456,-0.7931603490261302,0.6455446408294312,-1.0824237775880035,False,False,True,False,True,False,371700.0
1.200063519998831,0.9250852631729081,1.330428269517726,2.1899098102778316,0.7969473094646973,False,False,True,False,True,False,579900.0
2.5754640600234393,-0.09598014871771877,0.26863396024579794,0.6455446408294312,-0.7535338373537809,False,True,False,False,True,False,553400.0
-0.5675745339306778,-0.09598014871771877,-0.7931603490261302,0.6455446408294312,0.6090102007594271,False,True,False,False,False,False,466300.0
-0.5247538446397498,-0.09598014871771877,-0.7931603490261302,-0.8988205286189691,0.09218315181993446,False,False,False,True,False,False,363400.0
1.0510475212664014,-0.09598014871771877,0.26863396024579794,-0.8988205286189691,-0.8005181145300984,False,True,False,False,True,False,450400.0
0.6793639382211463,-0.09598014871771877,0.26863396024579794,-0.8988205286189691,-1.4113137178222261,False,True,False,False,True,False,425500.0
1.8766304107954939,-1.1170455606083456,-0.7931603490261302,0.6455446408294312,-1.3173451634695912,False,False,False,False,True,False,612800.0
0.5783071114945562,-2.138110972498972,-1.8549546582980583,0.6455446408294312,-1.6932193808801312,False,True,False,False,True,False,356800.0
-0.39115329405205435,-0.09598014871771877,0.26863396024579794,-0.8988205286189691,-0.5186124514721933,True,False,False,False,True,False,263000.0
0.5851584217811047,-0.09598014871771877,0.26863396024579794,-0.8988205286189691,0.04519887464361694,False,True,False,False,True,False,449200.0
1.1178477965602494,1.946150675063535,1.330428269517726,0.6455446408294312,0.04519887464361694,False,False,False,False,True,False,653900.0
0.8215286266670273,0.9250852631729081,1.330428269517726,-0.8988205286189691,1.12583724969892,False,False,False,False,False,False,801100.0
0.49951704319924856,0.9250852631729081,1.330428269517726,0.6455446408294312,0.32710453770152204,False,True,False,False,False,False,574100.0
1.0750271072693212,0.9250852631729081,0.26863396024579794,0.6455446408294312,0.32710453770152204,False,True,False,False,True,False,519000.0
1.1795095891391856,-0.09598014871771877,-0.7931603490261302,0.6455446408294312,1.7366328529910475,False,True,False,True,False,False,458800.0
1.3987515183087371,-0.09598014871771877,0.26863396024579794,0.6455446408294312,1.1728215268752373,False,True,False,False,False,False,634100.0
0.6451073867884038,1.946150675063535,1.330428269517726,0.6455446408294312,-1.4582979949985437,False,True,False,False,False,False,551500.0
-0.19417812331378542,-0.09598014871771877,-0.7931603490261302,-0.8988205286189691,-0.9414709460590509,False,False,True,False,True,False,385500.0
0.12954628772563043,-0.09598014871771877,0.26863396024579794,0.6455446408294312,0.6559944779357447,False,True,False,False,True,False,400600.0
1.2171917957152023,-1.1170455606083456,-0.7931603490261302,0.6455446408294312,0.04519887464361694,False,False,True,False,False,False,610900.0
-0.8621808762522626,-0.09598014871771877,0.26863396024579794,-0.8988205286189691,-0.6125810058248283,False,True,False,False,True,False,339300.0
0.3573523547533675,-0.09598014871771877,-0.7931603490261302,-0.8988205286189691,0.6559944779357447,False,False,False,False,True,False,539600.0
-0.42712267305643387,0.9250852631729081,0.26863396024579794,-0.8988205286189691,-1.2703608862932736,False,True,False,False,True,False,358600.0
0.007935530139394848,-0.09598014871771877,0.26863396024579794,-0.8988205286189691,1.6426642986384126,False,True,False,False,False,False,559600.0
1.2925562088672355,-0.09598014871771877,0.26863396024579794,0.6455446408294312,-0.7535338373537809,True,False,False,False,False,False,439300.0
0.17407980458819558,1.946150675063535,1.330428269517726,0.6455446408294312,1.5486957442857776,False,False,True,False,True,False,523500.0
0.025063805855766057,-1.1170455606083456,-0.7931603490261302,-0.8988205286189691,0.9379001409936498,True,False,False,False,True,False,284200.0
-1.418849837034327,-0.09598014871771877,0.26863396024579794,-0.8988205286189691,0.09218315181993446,True,False,False,True,False,False,191200.0
0.7444513859433569,-2.138110972498972,-1.8549546582980583,2.1899098102778316,-0.18972251123797065,False,True,False,False,False,False,508200.0
0.6416817316451296,0.9250852631729081,1.330428269517726,-0.8988205286189691,1.0318686953462848,False,True,False,False,True,False,468000.0
2.20035482183491,1.946150675063535,1.330428269517726,-0.8988205286189691,-0.8944866688827334,False,True,False,False,False,False,730500.0
-0.3380556393313036,-0.09598014871771877,-0.7931603490261302,0.6455446408294312,0.8909158638173322,True,False,False,False,True,False,272500.0
0.20319787330602665,0.9250852631729081,0.26863396024579794,0.6455446408294312,0.9379001409936498,False,False,True,False,False,False,594300.0
0.23402876959549482,-0.09598014871771877,0.26863396024579794,-0.8988205286189691,0.5150416464067922,False,False,False,False,True,False,558200.0
1.5991523441902802,1.946150675063535,1.330428269517726,-0.8988205286189691,0.23313598334888702,False,False,True,False,True,False,625500.0
-0.12052653773338923,0.9250852631729081,1.330428269517726,-0.8988205286189691,-0.4716281742958758,False,False,False,True,False,False,473000.0
0.264859665884963,0.9250852631729081,1.330428269517726,0.6455446408294312,1.7366328529910475,False,True,False,False,True,False,466900.0
0.6022866974974759,-2.138110972498972,-1.8549546582980583,0.6455446408294312,0.7029787551120622,False,False,False,False,False,False,581200.0
0.16894132187328423,1.946150675063535,1.330428269517726,-0.8988205286189691,0.23313598334888702,False,False,True,False,True,False,515900.0
-0.48022032777718465,0.9250852631729081,1.330428269517726,0.6455446408294312,-0.23670678841428816,True,False,False,False,True,False,262500.0
0.17750545973146983,-0.09598014871771877,0.26863396024579794,0.6455446408294312,-0.5186124514721933,False,True,False,False,False,True,270200.0
1.0818784175558698,0.9250852631729081,1.330428269517726,-0.8988205286189691,-0.5655967286485108,False,False,False,False,False,False,748000.0
-1.0762843227069028,-0.09598014871771877,0.26863396024579794,-0.8988205286189691,-0.6595652830011458,False,True,False,False,True,False,329400.0
0.11413083958089634,0.9250852631729081,0.26863396024579794,0.6455446408294312,0.9379001409936498,False,False,True,False,True,False,488100.0
-0.7422829462376641,-1.1170455606083456,-1.8549546582980583,-0.8988205286189691,0.7029787551120622,False,True,False,False,True,False,306700.0
1.2069148302853796,0.9250852631729081,1.330428269517726,-0.8988205286189691,-0.2836910655906057,False,True,False,False,True,False,508200.0
-1.5867069390547648,-0.09598014871771877,0.26863396024579794,0.6455446408294312,1.2667900812278725,False,False,False,False,True,False,362000.0
-0.5966926026485089,-1.1170455606083456,-0.7931603490261302,0.6455446408294312,1.595680021462095,False,True,False,False,True,False,350000.0
0.3659164926115531,-1.1170455606083456,-0.7931603490261302,0.6455446408294312,-0.18972251123797065,False,True,False,False,True,False,402400.0
1.5871625511888203,-2.138110972498972,-1.8549546582980583,0.6455446408294312,-1.6462351037038137,False,False,True,False,False,False,550100.0
-0.08969564144392105,-0.09598014871771877,-0.7931603490261302,0.6455446408294312,-0.8944866688827334,False,False,False,False,False,False,552300.0
-0.5932669475052347,-0.09598014871771877,0.26863396024579794,-0.8988205286189691,0.4680573692304746,False,False,True,False,False,True,269800.0
1.9108869622282363,-0.09598014871771877,0.26863396024579794,0.6455446408294312,-0.18972251123797065,False,False,False,False,True,False,695400.0
-1.5096296983310944,-0.09598014871771877,0.26863396024579794,-0.8988205286189691,-0.09575395688533561,False,True,False,False,False,True,186000.0
-2.282114933139436,-0.09598014871771877,0.26863396024579794,-0.8988205286189691,0.6559944779357447,False,True,False,True,False,False,201100.0
0.4310039403337637,0.9250852631729081,1.330428269517726,0.6455446408294312,-0.8944866688827334,False,False,True,False,True,False,504800.0
-0.5384564652128467,-2.138110972498972,-1.8549546582980583,0.6455446408294312,1.6426642986384126,True,False,False,False,False,False,304000.0
-1.0711458399919913,1.946150675063535,1.330428269517726,-0.8988205286189691,-0.33067534276692323,True,False,False,True,False,False,210600.0
0.7067691793673402,0.9250852631729081,1.330428269517726,2.1899098102778316,0.32710453770152204,False,True,False,False,True,False,501600.0
0.22889028688058347,-0.09598014871771877,0.26863396024579794,-0.8988205286189691,0.7499630322883797,False,True,False,False,False,False,475000.0
-0.6018310853634202,-0.09598014871771877,0.26863396024579794,-0.8988205286189691,-1.2703608862932736,False,False,True,False,False,False,434900.0
-1.3383469411673823,0.9250852631729081,1.330428269517726,-0.8988205286189691,0.7029787551120622,False,False,True,False,True,False,374200.0
0.8746262813877781,-1.1170455606083456,-1.8549546582980583,0.6455446408294312,0.5620259235831097,False,False,False,False,True,False,554800.0
0.646820214360041,-1.1170455606083456,-0.7931603490261302,0.6455446408294312,-1.223376609116956,False,False,True,False,True,False,426800.0
-0.12395219287666347,-1.1170455606083456,-0.7931603490261302,-0.8988205286189691,1.3607586355805075,False,True,False,True,False,False,315400.0
1.8749175832238567,0.9250852631729081,1.330428269517726,0.6455446408294312,0.9848844181699673,False,False,False,True,False,False,615600.0
-1.122530667141105,-2.138110972498972,-1.8549546582980583,-0.8988205286189691,-0.0487696797090181,False,True,False,True,False,False,189300.0
-1.590132594198039,-0.09598014871771877,0.26863396024579794,0.6455446408294312,-0.18972251123797065,False,True,False,False,True,False,290300.0
-0.7337188083794786,1.946150675063535,1.330428269517726,-0.8988205286189691,0.4680573692304746,False,True,False,False,False,False,472500.0
-0.0691417105842756,0.9250852631729081,0.26863396024579794,-0.8988205286189691,-1.129408054764321,False,False,False,False,True,False,541300.0
0.22889028688058347,-0.09598014871771877,0.26863396024579794,2.1899098102778316,0.13916742899625198,False,False,False,False,True,False,519500.0
-0.26954253646581877,-1.1170455606083456,-0.7931603490261302,-0.8988205286189691,1.4547271899331424,False,False,False,False,True,False,452600.0
0.3402240790369963,0.9250852631729081,1.330428269517726,-0.8988205286189691,0.23313598334888702,False,True,False,False,True,False,444300.0
-1.3075160448779142,-0.09598014871771877,-0.7931603490261302,0.6455446408294312,-0.847502391706416,False,False,True,False,True,False,319300.0
1.4621261384593105,-1.1170455606083456,-0.7931603490261302,2.1899098102778316,-0.847502391706416,False,True,False,False,False,False,581100.0
-0.10682391716029226,-1.1170455606083456,-0.7931603490261302,-0.8988205286189691,0.9848844181699673,False,False,False,True,False,False,453800.0
1.126411934418435,1.946150675063535,1.330428269517726,-0.8988205286189691,-0.6595652830011458,False,False,False,False,False,True,439000.0
0.3299471136071736,-0.09598014871771877,0.26863396024579794,-0.8988205286189691,0.7969473094646973,True,False,False,False,True,False,328500.0
0.4481322160501349,0.9250852631729081,1.330428269517726,0.6455446408294312,1.3137743584041899,False,True,False,False,True,False,496500.0
0.5628916633498221,0.9250852631729081,1.330428269517726,-0.8988205286189691,-1.1763923319406386,False,True,False,False,True,False,455700.0
0.4378552506203122,-0.09598014871771877,0.26863396024579794,0.6455446408294312,-0.6125810058248283,False,False,False,False,True,False,523900.0
0.6382560765018553,-0.09598014871771877,0.26863396024579794,2.1899098102778316,-0.14273823406165315,False,False,True,False,True,False,475200.0
1.3439410360163493,-0.09598014871771877,0.26863396024579794,-0.8988205286189691,0.7499630322883797,False,True,False,False,True,False,517100.0
0.17921828730310696,-0.09598014871771877,0.26863396024579794,-0.8988205286189691,-1.3643294406459086,False,False,False,False,True,False,468600.0
0.7067691793673402,-0.09598014871771877,-0.7931603490261302,-0.8988205286189691,-0.8944866688827334,False,False,False,False,True,False,556700.0
-0.11367522744684075,0.9250852631729081,1.330428269517726,-0.8988205286189691,0.9379001409936498,False,True,False,False,False,False,501000.0
1.4587004833160364,-0.09598014871771877,0.26863396024579794,0.6455446408294312,-1.505282272174861,False,False,True,False,False,False,637300.0
-0.7165905326631073,0.9250852631729081,1.330428269517726,-0.8988205286189691,-0.5186124514721933,True,False,False,False,False,False,296600.0
1.8286712387896544,-0.09598014871771877,0.26863396024579794,-0.8988205286189691,-0.33067534276692323,False,True,False,False,True,False,530100.0
-0.06400322786936423,-0.09598014871771877,-0.7931603490261302,0.6455446408294312,0.7969473094646973,False,False,True,False,True,False,426100.0
-1.492501422614723,-0.09598014871771877,0.26863396024579794,-0.8988205286189691,-1.129408054764321,False,False,False,False,True,False,335800.0
0.10899235686598499,-0.09598014871771877,0.26863396024579794,0.6455446408294312,-0.3776596199432407,False,True,False,False,False,False,512300.0
-0.7217290153780187,0.9250852631729081,1.330428269517726,-0.8988205286189691,-1.5992508265274963,False,False,True,True,False,False,313400.0
0.8420825575266728,-1.1170455606083456,-0.7931603490261302,0.6455446408294312,0.9848844181699673,False,False,False,False,True,False,556300.0
-0.6926109466601876,-0.09598014871771877,0.26863396024579794,2.1899098102778316,-1.6462351037038137,True,False,False,False,True,False,224600.0
-0.48022032777718465,-1.1170455606083456,-0.7931603490261302,0.6455446408294312,-0.42464389711955824,False,False,False,False,True,False,437100.0
-1.9635290048149314,-0.09598014871771877,0.26863396024579794,2.1899098102778316,-1.6462351037038137,False,True,False,False,True,False,222400.0
-0.4870716380637331,-0.09598014871771877,-0.7931603490261302,-0.8988205286189691,-1.4113137178222261,False,True,False,False,True,False,353900.0
-2.4191411388704056,-0.09598014871771877,0.26863396024579794,-0.8988205286189691,-0.5186124514721933,False,True,False,False,True,False,204100.0
-1.6500815592053384,1.946150675063535,1.330428269517726,0.6455446408294312,-0.9884552232353685,False,False,True,False,True,False,296200.0
0.759866834088091,-0.09598014871771877,-0.7931603490261302,0.6455446408294312,-0.6595652830011458,False,False,False,False,True,False,521500.0
0.7855592476626477,0.9250852631729081,0.26863396024579794,-0.8988205286189691,0.13916742899625198,False,False,True,False,True,False,514000.0
0.41558849218902966,-0.09598014871771877,0.26863396024579794,-0.8988205286189691,1.0788529725226024,False,True,False,False,False,False,514300.0
-1.0163353576996035,-0.09598014871771877,0.26863396024579794,-0.8988205286189691,1.6896485758147302,False,True,False,False,True,False,327600.0
-0.07085453815591272,-1.1170455606083456,-1.8549546582980583,-0.8988205286189691,-0.23670678841428816,True,False,False,False,True,False,257000.0
-0.026321021293347572,-0.09598014871771877,0.26863396024579794,-0.8988205286189691,-1.035439500411686,False,False,True,False,False,True,328900.0
-1.2133105284378725,-0.09598014871771877,0.26863396024579794,0.6455446408294312,-1.129408054764321,False,False,False,True,False,False,305700.0
1.523787931038247,-0.09598014871771877,-0.7931603490261302,-0.8988205286189691,-1.505282272174861,False,False,True,False,True,False,526300.0
0.8797647641026894,-2.138110972498972,-1.8549546582980583,-0.8988205286189691,1.7366328529910475,False,False,False,False,True,False,592300.0
-0.2489886056061733,-1.1170455606083456,-0.7931603490261302,0.6455446408294312,0.7029787551120622,False,False,False,False,True,False,439800.0
0.006222702567757726,-0.09598014871771877,0.26863396024579794,0.6455446408294312,0.1861517061725695,False,True,False,True,False,False,355000.0
0.19292090787620392,1.946150675063535,1.330428269517726,0.6455446408294312,0.7499630322883797,True,False,False,False,False,False,391000.0
-2.1211091414055465,-0.09598014871771877,-0.7931603490261302,0.6455446408294312,0.6090102007594271,False,False,False,False,True,False,267600.0
-0.2763938467523672,-0.09598014871771877,-0.7931603490261302,-0.8988205286189691,-1.035439500411686,False,False,True,True,False,False,296900.0
-0.7234418429496559,-1.1170455606083456,-0.7931603490261302,0.6455446408294312,-1.4113137178222261,False,False,False,False,True,False,376200.0
-1.050591909132346,-0.09598014871771877,0.26863396024579794,0.6455446408294312,0.13916742899625198,False,False,True,False,False,False,419000.0
-0.31065039818510964,-0.09598014871771877,-0.7931603490261302,-0.8988205286189691,-0.42464389711955824,False,True,False,False,True,False,374500.0
1.8252455836463803,-1.1170455606083456,-0.7931603490261302,0.6455446408294312,-0.23670678841428816,False,False,True,False,True,False,574900.0
0.6365432489302183,-0.09598014871771877,0.26863396024579794,2.1899098102778316,-1.035439500411686,False,False,False,False,True,False,526100.0
-0.6086823956499687,-2.138110972498972,-1.8549546582980583,-0.8988205286189691,1.5486957442857776,False,False,True,True,False,False,314900.0
0.5663173184930963,-2.138110972498972,-1.8549546582980583,-0.8988205286189691,1.3137743584041899,True,False,False,False,True,False,309500.0
